Name,Age,#days,Lev,Tm,G,PA,AB,R,H,2B,3B,HR,RBI,BB,IBB,SO,HBP,SH,SF,GDP,SB,CS,BA,OBP,SLG,OPS
José Abreu,33,39,MLB-AL,Chicago,60,262,240,43,76,15,0,19,60,18,1,59,3,0,1,10,0,0,0.317,0.37,0.617,0.987
Ronald Acuna Jr.,22,40,MLB-NL,Atlanta,46,202,160,46,40,11,0,14,29,38,2,60,4,0,0,3,8,1,0.25,0.406,0.581,0.987
Willy Adames,24,40,MLB-AL,Tampa Bay,54,205,185,29,48,15,1,8,23,20,0,74,0,0,0,4,2,1,0.259,0.332,0.48100000000000004,0.813
Austin Adams,29,39,MLB-NL,San Diego,1,1,1,0,0,0,0,0,0,0,0,1,0,0,0,0,0,0,0.0,0.0,0.0,0.0
Matt Adams,31,68,MLB-NL,Atlanta,16,51,49,4,9,2,0,2,9,2,0,18,0,0,0,3,0,0,0.184,0.21600000000000003,0.34700000000000003,0.563
Jo Adell,21,39,MLB-AL,Los Angeles,38,132,124,9,20,4,0,3,7,7,0,55,1,0,0,3,0,1,0.161,0.212,0.266,0.478
Ehire Adrianza,30,39,MLB-AL,Minnesota,44,101,89,10,17,7,0,0,3,11,0,23,1,0,0,3,1,0,0.191,0.287,0.27,0.557
Jesus Aguilar,30,39,MLB-NL,Miami,51,216,188,31,52,10,0,8,34,23,0,40,1,0,4,5,0,1,0.27699999999999997,0.35200000000000004,0.457,0.809
Nick Ahmed,30,39,MLB-NL,Arizona,57,217,199,29,53,10,1,5,29,18,0,46,0,0,0,3,4,0,0.266,0.327,0.402,0.7290000000000001
Shogo Akiyama,32,39,MLB-NL,Cincinnati,54,183,155,16,38,6,1,0,9,25,0,34,2,0,0,1,7,2,0.245,0.35700000000000004,0.297,0.654
Hanser Alberto,27,39,MLB-AL,Baltimore,54,231,219,35,62,15,0,3,22,5,0,30,3,2,2,6,3,0,0.28300000000000003,0.306,0.39299999999999996,0.698
Ozzie Albies,23,39,MLB-NL,Atlanta,29,124,118,21,32,5,0,6,19,5,0,30,1,0,0,0,3,0,0.271,0.306,0.466,0.773
Sergio Alcantara,23,39,MLB-AL,Detroit,10,23,21,2,3,0,1,1,1,2,0,4,0,0,0,0,0,0,0.14300000000000002,0.217,0.381,0.598
Jorge Alfaro,27,40,MLB-NL,Miami,31,100,93,12,21,2,0,3,16,4,1,36,3,0,0,2,2,0,0.226,0.28,0.344,0.624
Anthony Alford,25,61,"MLB-NL,MLB-AL","Pittsburgh,Toronto",18,29,28,5,6,0,1,2,7,1,0,8,0,0,0,0,3,0,0.214,0.24100000000000002,0.5,0.741
Austin Allen,26,75,MLB-AL,Oakland,14,32,31,1,6,1,0,1,3,1,0,14,0,0,0,0,0,0,0.19399999999999998,0.21899999999999997,0.32299999999999995,0.541
Greg Allen,27,64,"MLB-AL,MLB-NL","Cleveland,San Diego",16,32,26,4,4,1,0,1,4,3,0,10,2,0,1,0,2,0,0.154,0.281,0.308,0.589
Abraham Almonte,31,51,MLB-NL,San Diego,7,13,11,0,1,0,0,0,0,2,0,4,0,0,0,0,1,1,0.091,0.231,0.091,0.322
Albert Almora,26,67,MLB-NL,Chicago,28,34,30,4,5,1,0,0,1,3,0,9,1,0,0,0,0,0,0.16699999999999998,0.265,0.2,0.465
Pete Alonso,25,39,MLB-NL,New York,57,239,208,31,48,6,0,16,35,24,4,61,6,0,1,4,1,0,0.231,0.326,0.49,0.8170000000000001
Jose Altuve,30,39,MLB-AL,Houston,48,210,192,32,42,9,0,5,18,17,0,39,1,0,0,5,2,3,0.21899999999999997,0.28600000000000003,0.344,0.629
Eddy Alvarez,30,60,MLB-NL,Miami,12,41,37,6,7,1,0,0,2,3,0,16,1,0,0,0,2,0,0.18899999999999997,0.268,0.21600000000000003,0.485
Yordan Álvarez,23,82,MLB-AL,Houston,2,9,8,2,2,0,0,1,4,0,0,1,1,0,0,1,0,0,0.25,0.33299999999999996,0.625,0.958
Brian Anderson,27,39,MLB-NL,Miami,59,229,200,27,51,7,1,11,38,22,1,66,6,0,1,2,0,0,0.255,0.345,0.465,0.81
Tim Anderson,27,39,MLB-AL,Chicago,49,221,208,45,67,11,1,10,21,10,0,50,2,0,1,4,5,1,0.322,0.35700000000000004,0.529,0.8859999999999999
Elvis Andrus,31,54,MLB-AL,Texas,29,111,103,11,20,5,0,3,7,8,0,15,0,0,0,5,3,1,0.19399999999999998,0.252,0.33,0.5820000000000001
Miguel Andujar,25,53,MLB-AL,New York,21,65,62,5,15,2,1,1,5,3,0,9,0,0,0,1,0,0,0.242,0.27699999999999997,0.355,0.632
Sherten Apostel,21,42,MLB-AL,Texas,7,21,20,1,2,1,0,0,0,1,0,9,0,0,0,0,0,0,0.1,0.14300000000000002,0.15,0.293
Aristides Aquino,26,39,MLB-NL,Cincinnati,23,56,47,7,8,1,0,2,8,6,0,18,3,0,0,1,1,0,0.17,0.304,0.319,0.623
Jonathan Arauz,21,39,MLB-AL,Boston,25,80,72,8,18,2,0,1,9,8,0,21,0,0,0,0,0,0,0.25,0.325,0.319,0.644
Orlando Arcia,25,39,MLB-NL,Milwaukee,59,189,173,22,45,10,1,5,20,14,0,32,1,0,1,10,2,0,0.26,0.317,0.41600000000000004,0.7340000000000001
Nolan Arenado,29,47,MLB-NL,Colorado,48,201,182,23,46,9,0,8,26,15,3,20,0,0,4,7,0,0,0.253,0.303,0.434,0.738
Randy Arozarena,25,39,MLB-AL,Tampa Bay,23,76,64,15,18,2,0,7,11,6,0,22,5,0,1,2,4,0,0.281,0.382,0.6409999999999999,1.022
Luis Arraez,23,39,MLB-AL,Minnesota,32,121,112,16,36,9,0,0,13,8,0,11,0,0,1,2,0,0,0.321,0.364,0.402,0.765
Christian Arroyo,25,40,MLB-AL,"Boston,Cleveland",15,54,50,7,12,1,0,3,8,4,0,11,0,0,0,2,0,0,0.24,0.29600000000000004,0.44,0.736
Willians Astudillo,28,49,MLB-AL,Minnesota,8,16,16,4,4,1,0,1,3,0,0,2,0,0,0,0,0,0,0.25,0.25,0.5,0.75
Alex Avila,33,39,MLB-AL,Minnesota,23,62,49,6,9,2,0,1,2,11,0,22,2,0,0,2,0,0,0.184,0.355,0.28600000000000003,0.6409999999999999
Harrison Bader,26,39,MLB-NL,St. Louis,50,125,106,21,24,7,2,4,11,13,0,40,5,0,1,2,3,1,0.226,0.336,0.44299999999999995,0.779
Javier Baez,27,39,MLB-NL,Chicago,59,235,222,27,45,9,1,8,24,7,0,75,4,0,2,8,3,0,0.203,0.23800000000000002,0.36,0.599
Austin Barnes,30,39,MLB-NL,Los Angeles,29,104,86,14,21,3,0,1,9,13,0,24,2,2,1,0,3,0,0.244,0.353,0.314,0.667
Tucker Barnhart,29,39,MLB-NL,Cincinnati,38,110,98,10,20,3,0,5,13,12,0,28,0,0,0,2,0,0,0.204,0.29100000000000004,0.38799999999999996,0.679
Franklin Barreto,24,60,MLB-AL,"Los Angeles,Oakland",21,28,27,5,2,0,0,0,2,0,0,15,1,0,0,0,1,0,0.07400000000000001,0.107,0.07400000000000001,0.18100000000000002
Joey Bart,23,39,MLB-NL,San Francisco,33,111,103,15,24,5,2,0,7,3,0,41,5,0,0,1,0,0,0.233,0.28800000000000003,0.32,0.609
Luis Alexander Basabe,23,44,MLB-NL,San Francisco,9,18,14,5,2,0,0,0,1,4,0,5,0,0,0,0,2,0,0.14300000000000002,0.33299999999999996,0.14300000000000002,0.47600000000000003
Matt Beaty,27,60,MLB-NL,Los Angeles,21,54,50,8,11,1,0,2,5,2,0,14,2,0,0,3,0,0,0.22,0.278,0.36,0.638
Josh Bell,27,39,MLB-NL,Pittsburgh,57,223,195,22,44,3,0,8,22,22,4,59,2,0,4,3,0,0,0.226,0.305,0.364,0.669
Cody Bellinger,24,40,MLB-NL,Los Angeles,56,243,213,33,51,10,0,12,30,30,2,42,0,0,0,4,6,0,0.239,0.33299999999999996,0.455,0.789
Brandon Belt,32,39,MLB-NL,San Francisco,51,179,149,25,46,13,1,9,30,30,1,36,0,0,0,5,0,0,0.309,0.425,0.591,1.015
Anthony Bemboom,30,39,MLB-AL,Los Angeles,21,60,48,9,10,1,0,3,5,7,0,13,2,2,1,0,0,1,0.20800000000000002,0.32799999999999996,0.41700000000000004,0.7440000000000001
Andrew Benintendi,25,86,MLB-AL,Boston,14,52,39,4,4,1,0,0,1,11,0,17,1,1,0,1,1,1,0.10300000000000001,0.314,0.128,0.442
Jon Berti,30,39,MLB-NL,Miami,39,149,120,21,31,5,0,2,14,23,0,37,3,2,1,1,9,2,0.258,0.38799999999999996,0.35,0.738
Mookie Betts,27,40,MLB-NL,Los Angeles,55,246,219,47,64,9,1,16,39,24,1,38,2,0,1,2,10,1,0.292,0.366,0.562,0.927
Bo Bichette,22,39,MLB-AL,Toronto,29,128,123,18,37,9,1,5,23,5,1,27,0,0,0,2,4,0,0.301,0.32799999999999996,0.512,0.84
Cavan Biggio,25,39,MLB-AL,Toronto,59,265,220,41,55,16,0,8,28,41,0,61,3,0,0,2,6,0,0.25,0.375,0.43200000000000005,0.807
Braden Bishop,26,39,MLB-AL,Seattle,12,34,30,2,5,2,0,0,4,2,0,10,1,1,0,0,1,0,0.16699999999999998,0.242,0.233,0.47600000000000003
Charlie Blackmon,33,39,MLB-NL,Colorado,59,247,221,31,67,12,1,6,42,19,4,44,2,0,5,4,2,1,0.303,0.35600000000000004,0.44799999999999995,0.804
Travis Blankenhorn,23,51,MLB-AL,Minnesota,1,4,3,0,1,1,0,0,0,0,0,0,1,0,0,0,0,0,0.33299999999999996,0.5,0.667,1.167
Xander Bogaerts,27,39,MLB-AL,Boston,56,225,203,36,61,8,0,11,28,21,2,41,0,0,1,3,8,0,0.3,0.364,0.502,0.867
Alec Bohm,23,39,MLB-NL,Philadelphia,44,180,160,24,54,11,0,4,23,16,0,36,2,0,2,4,1,1,0.33799999999999997,0.4,0.48100000000000004,0.8809999999999999
Emilio Bonifacio,35,99,MLB-NL,Washington,3,3,3,1,0,0,0,0,0,0,0,2,0,0,0,0,0,1,0.0,0.0,0.0,0.0
Jorge Bonifacio,27,39,MLB-AL,Detroit,30,94,86,8,19,3,0,2,17,5,0,26,2,0,1,1,0,0,0.221,0.27699999999999997,0.326,0.602
David Bote,27,39,MLB-NL,Chicago,45,145,125,15,25,3,1,7,29,17,0,40,2,0,1,6,2,0,0.2,0.303,0.408,0.711
Jackie Bradley Jr.,30,39,MLB-AL,Boston,55,217,191,32,54,11,0,7,22,23,1,48,2,0,1,2,5,1,0.28300000000000003,0.364,0.45,0.8140000000000001
Michael Brantley,33,39,MLB-AL,Houston,46,187,170,24,51,15,0,5,22,17,0,28,0,0,0,3,2,0,0.3,0.364,0.47600000000000003,0.84
Rob Brantly,30,104,MLB-NL,San Francisco,1,3,3,0,0,0,0,0,0,0,0,0,0,0,0,0,0,0,0.0,0.0,0.0,0.0
Ryan Braun,36,39,MLB-NL,Milwaukee,39,141,129,14,30,7,1,8,26,7,0,27,2,0,1,6,1,0,0.233,0.281,0.488,0.769
Alex Bregman,26,39,MLB-AL,Houston,42,180,153,19,37,12,1,6,22,24,1,26,2,0,1,2,0,0,0.242,0.35,0.451,0.8009999999999999
Jose Briceno,27,61,MLB-AL,Los Angeles,2,6,5,0,1,0,0,0,0,1,0,1,0,0,0,0,0,0,0.2,0.33299999999999996,0.2,0.5329999999999999
Lewis Brinson,26,39,MLB-NL,Miami,46,112,106,14,24,6,0,3,12,6,0,30,0,0,0,2,4,0,0.226,0.268,0.368,0.636
Mike Brosseau,26,39,MLB-AL,Tampa Bay,36,98,86,12,26,5,1,5,12,8,0,31,3,0,1,1,2,0,0.302,0.37799999999999995,0.5579999999999999,0.9359999999999999
Seth Brown,27,52,MLB-AL,Oakland,7,5,5,0,0,0,0,0,0,0,0,2,0,0,0,0,0,0,0.0,0.0,0.0,0.0
Jay Bruce,33,39,MLB-NL,Philadelphia,32,103,96,11,19,4,2,6,14,7,1,24,0,0,0,1,0,0,0.198,0.252,0.469,0.721
Kris Bryant,28,39,MLB-NL,Chicago,34,147,131,20,27,5,1,4,11,12,0,40,4,0,0,1,0,0,0.20600000000000002,0.293,0.35100000000000003,0.644
Drew Butera,36,39,MLB-NL,Colorado,28,43,39,4,6,2,0,0,4,2,0,11,0,1,1,3,0,0,0.154,0.19,0.205,0.396
Byron Buxton,26,41,MLB-AL,Minnesota,39,135,130,19,33,3,0,13,27,2,0,36,1,0,2,2,2,1,0.254,0.267,0.5770000000000001,0.8440000000000001
Asdrubal Cabrera,34,43,MLB-NL,Washington,52,213,190,23,46,9,3,8,31,19,0,40,0,0,4,6,0,0,0.242,0.305,0.447,0.753
Miguel Cabrera,37,40,MLB-AL,Detroit,57,231,204,28,51,4,0,10,35,24,1,51,1,0,2,3,1,0,0.25,0.32899999999999996,0.41700000000000004,0.746
Lorenzo Cain,34,100,MLB-NL,Milwaukee,5,21,18,4,6,1,0,0,2,3,1,2,0,0,0,1,0,0,0.33299999999999996,0.429,0.389,0.8170000000000001
Kole Calhoun,32,39,MLB-NL,Arizona,54,228,190,35,43,9,0,16,40,28,0,50,6,0,4,6,1,1,0.226,0.33799999999999997,0.526,0.8640000000000001
Willie Calhoun,25,39,MLB-AL,Texas,29,108,100,3,19,2,1,1,13,5,0,17,1,0,2,1,0,0,0.19,0.231,0.26,0.491
Johan Camargo,26,61,MLB-NL,Atlanta,35,127,120,16,24,8,0,4,9,6,0,35,1,0,0,1,0,0,0.2,0.244,0.36700000000000005,0.611
Daz Cameron,23,39,MLB-AL,Detroit,17,59,57,4,11,2,1,0,3,2,0,19,0,0,0,1,1,0,0.193,0.22,0.263,0.483
Luis Campusano,21,62,MLB-NL,San Diego,1,4,3,2,1,0,0,1,1,0,0,2,1,0,0,0,0,0,0.33299999999999996,0.5,1.3330000000000002,1.8330000000000002
Jeimer Candelario,26,42,MLB-AL,Detroit,52,206,185,30,55,11,3,7,29,20,0,49,1,0,0,3,1,1,0.297,0.369,0.503,0.872
Mark Canha,31,39,MLB-AL,Oakland,59,243,191,32,47,12,2,5,33,37,1,54,10,0,5,2,4,0,0.24600000000000002,0.387,0.408,0.795
Robinson Cano,37,39,MLB-NL,New York,49,182,171,23,54,9,0,10,30,9,1,24,1,0,1,7,0,0,0.316,0.35200000000000004,0.544,0.8959999999999999
Victor Caratini,26,39,MLB-NL,Chicago,44,132,116,10,28,7,0,1,16,12,1,31,4,0,0,4,0,1,0.24100000000000002,0.33299999999999996,0.32799999999999996,0.6609999999999999
Dylan Carlson,21,39,MLB-NL,St. Louis,35,119,110,11,22,7,1,3,16,8,0,35,0,0,1,3,1,1,0.2,0.252,0.364,0.616
Matt Carpenter,34,40,MLB-NL,St. Louis,50,169,140,22,26,6,0,4,24,23,1,48,6,0,0,1,0,0,0.18600000000000003,0.325,0.314,0.64
Curt Casali,31,39,MLB-NL,Cincinnati,31,93,76,10,17,3,0,6,8,14,0,29,3,0,0,2,1,0,0.22399999999999998,0.366,0.5,0.866
Nicholas Castellanos,28,39,MLB-NL,Cincinnati,60,242,218,37,49,11,2,14,34,19,1,69,4,0,1,5,0,2,0.225,0.298,0.486,0.784
Harold Castro,26,40,MLB-AL,Detroit,22,54,49,6,17,4,0,0,3,5,0,11,0,0,0,1,0,0,0.34700000000000003,0.40700000000000003,0.429,0.836
Jason Castro,33,39,"MLB-AL,MLB-NL","Los Angeles,San Diego",27,92,80,8,15,9,0,2,9,12,0,33,0,0,0,2,0,0,0.188,0.293,0.375,0.6679999999999999
Starlin Castro,30,84,MLB-NL,Washington,16,63,60,9,16,3,1,2,4,3,0,13,0,0,0,0,0,0,0.267,0.302,0.45,0.752
Willi Castro,23,40,MLB-AL,Detroit,36,140,129,21,45,4,2,6,24,7,0,38,1,1,2,0,0,1,0.349,0.381,0.55,0.932
Jake Cave,27,39,MLB-AL,Minnesota,42,123,113,17,25,3,2,4,15,5,0,44,5,0,0,0,0,2,0.221,0.285,0.389,0.674
Francisco Cervelli,34,75,MLB-NL,Miami,16,62,53,10,13,2,0,3,7,8,0,14,1,0,0,3,1,0,0.245,0.355,0.45299999999999996,0.8079999999999999
Yoenis Céspedes,34,96,MLB-NL,New York,8,34,31,3,5,1,0,2,4,2,0,15,1,0,0,1,0,0,0.161,0.235,0.387,0.622
Yu Chang,24,49,MLB-AL,Cleveland,10,13,11,1,2,0,0,0,1,2,0,4,0,0,0,2,0,0,0.182,0.308,0.182,0.49
Matt Chapman,27,60,MLB-AL,Oakland,37,152,142,22,33,9,2,10,25,8,0,54,1,0,1,2,0,0,0.23199999999999998,0.276,0.535,0.812
Michael Chavis,24,39,MLB-AL,Boston,42,158,146,16,31,5,2,5,19,8,0,50,2,0,2,6,3,0,0.212,0.259,0.377,0.636
Robinson Chirinos,36,39,"MLB-AL,MLB-NL","Texas,New York",26,82,74,4,12,3,0,1,7,6,0,21,1,0,1,5,0,0,0.162,0.23199999999999998,0.243,0.475
Jazz Chisholm,22,39,MLB-NL,Miami,21,62,56,8,9,1,1,2,6,5,0,19,1,0,0,0,2,2,0.161,0.242,0.321,0.563
Ji-Man Choi,29,54,MLB-AL,Tampa Bay,42,145,122,16,28,13,0,3,16,20,2,36,0,0,3,1,0,0,0.23,0.331,0.41,0.741
Shin-Soo Choo,37,39,MLB-AL,Texas,33,127,110,13,26,3,0,5,15,13,1,33,2,0,2,1,6,1,0.23600000000000002,0.32299999999999995,0.4,0.723
Zack Collins,25,78,MLB-AL,Chicago,9,18,16,1,1,1,0,0,0,2,0,5,0,0,0,0,0,0,0.063,0.16699999999999998,0.125,0.292
Christian Colon,31,85,MLB-NL,Cincinnati,11,24,23,3,3,1,0,0,2,1,0,3,0,0,0,1,1,0,0.13,0.16699999999999998,0.174,0.341
Michael Conforto,27,43,MLB-NL,New York,54,233,202,40,65,12,0,9,31,24,0,57,7,0,0,6,3,3,0.322,0.41200000000000003,0.515,0.927
William Contreras,22,101,MLB-NL,Atlanta,4,10,10,0,4,1,0,0,1,0,0,4,0,0,0,0,0,0,0.4,0.4,0.5,0.9
Willson Contreras,28,40,MLB-NL,Chicago,57,225,189,37,46,10,0,7,26,20,1,57,14,0,2,6,1,1,0.243,0.35600000000000004,0.40700000000000003,0.763
Garrett Cooper,29,40,MLB-NL,Miami,34,133,120,20,34,8,0,6,20,11,0,31,2,0,0,5,0,0,0.28300000000000003,0.353,0.5,0.853
Ryan Cordell,28,39,MLB-NL,New York,5,8,8,0,1,0,0,0,0,0,0,3,0,0,0,0,1,0,0.125,0.125,0.125,0.25
Franchy Cordero,25,39,MLB-AL,Kansas City,16,42,38,7,8,3,0,2,7,4,0,4,0,0,0,1,1,0,0.21100000000000002,0.28600000000000003,0.447,0.733
Carlos Correa,25,39,MLB-AL,Houston,58,220,200,22,53,9,0,5,25,16,2,48,3,0,1,4,0,0,0.265,0.327,0.385,0.7120000000000001
Will Craig,25,69,MLB-NL,Pittsburgh,2,4,4,0,0,0,0,0,0,0,0,1,0,0,0,0,0,0,0.0,0.0,0.0,0.0
Brandon Crawford,33,39,MLB-NL,San Francisco,54,193,172,26,44,12,0,8,28,15,2,47,4,0,2,3,1,2,0.256,0.326,0.465,0.792
J.P. Crawford,25,39,MLB-AL,Seattle,53,232,204,33,52,7,2,2,24,23,0,39,3,0,2,4,6,3,0.255,0.336,0.33799999999999997,0.674
C.J. Cron,30,87,MLB-AL,Detroit,13,52,42,9,8,3,0,4,8,9,0,16,1,0,0,2,0,0,0.19,0.34600000000000003,0.5479999999999999,0.894
Kevin Cron,27,74,MLB-NL,Arizona,8,20,17,0,0,0,0,0,0,1,0,7,2,0,0,0,0,0,0.0,0.15,0.0,0.15
Jake Cronenworth,26,39,MLB-NL,San Diego,54,192,172,26,49,15,3,4,20,18,0,30,1,0,1,4,3,1,0.285,0.354,0.47700000000000004,0.831
Nelson Cruz,39,39,MLB-AL,Minnesota,53,214,185,33,56,6,0,16,33,25,5,58,4,0,0,8,0,0,0.303,0.397,0.595,0.992
Charlie Culberson,31,59,MLB-NL,Atlanta,9,7,7,2,1,1,0,0,1,0,0,4,0,0,0,0,0,0,0.14300000000000002,0.14300000000000002,0.28600000000000003,0.429
Cheslor Cuthbert,27,102,MLB-AL,Chicago,1,1,1,0,0,0,0,0,0,0,0,0,0,0,0,0,0,0,0.0,0.0,0.0,0.0
Travis d'Arnaud,31,40,MLB-NL,Atlanta,44,184,165,19,53,8,0,9,34,16,0,50,2,0,1,8,1,0,0.321,0.386,0.5329999999999999,0.919
David Dahl,26,46,MLB-NL,Colorado,24,99,93,9,17,2,2,0,9,4,0,28,1,0,1,0,1,0,0.183,0.222,0.247,0.47
Bobby Dalbec,25,39,MLB-AL,Boston,23,92,80,13,21,3,0,8,16,10,0,39,2,0,0,0,0,0,0.263,0.359,0.6,0.9590000000000001
Matt Davidson,29,60,MLB-NL,Cincinnati,20,47,43,3,7,1,0,3,11,4,0,13,0,0,0,2,0,0,0.163,0.23399999999999999,0.395,0.629
Chris Davis,34,55,MLB-AL,Baltimore,16,55,52,3,6,3,0,0,1,3,0,17,0,0,0,0,0,0,0.115,0.16399999999999998,0.17300000000000001,0.337
J.D. Davis,27,39,MLB-NL,New York,56,229,190,26,47,9,0,6,19,31,1,56,7,0,1,8,0,0,0.247,0.371,0.389,0.7609999999999999
Jaylin Davis,25,100,MLB-NL,San Francisco,4,12,12,2,2,0,0,1,1,0,0,6,0,0,0,0,0,0,0.16699999999999998,0.16699999999999998,0.41700000000000004,0.583
Jonathan Davis,28,39,MLB-AL,Toronto,13,34,27,4,7,2,0,1,6,3,0,11,2,0,1,1,1,0,0.259,0.364,0.444,0.8079999999999999
Khris Davis,32,39,MLB-AL,Oakland,30,99,85,9,17,5,0,2,10,10,0,26,3,0,1,5,0,0,0.2,0.303,0.32899999999999996,0.632
Austin Dean,26,53,MLB-NL,St. Louis,3,7,4,1,1,1,0,0,0,3,0,2,0,0,0,0,0,0,0.25,0.5710000000000001,0.5,1.071
Paul DeJong,26,39,MLB-NL,St. Louis,45,174,152,17,38,6,0,3,25,17,0,50,1,0,4,4,1,0,0.25,0.322,0.349,0.6709999999999999
Nicky Delmonico,27,95,MLB-AL,Chicago,6,22,20,0,3,0,0,0,3,2,0,2,0,0,0,2,0,0,0.15,0.22699999999999998,0.15,0.377
Travis Demeritte,25,49,MLB-AL,Detroit,18,33,29,5,5,1,0,0,4,3,0,14,1,0,0,0,0,0,0.172,0.273,0.207,0.48
Delino DeShields,27,39,MLB-AL,Cleveland,37,120,107,10,27,3,2,0,7,9,0,29,0,4,0,0,3,2,0.252,0.31,0.318,0.628
Rafael Devers,23,39,MLB-AL,Boston,57,248,232,32,61,16,1,11,43,13,0,67,3,0,0,8,0,0,0.263,0.31,0.483,0.7929999999999999
Aledmys Díaz,29,39,MLB-AL,Houston,17,59,58,8,14,5,0,3,6,1,0,12,0,0,0,1,0,0,0.24100000000000002,0.254,0.483,0.737
Elias Diaz,29,39,MLB-NL,Colorado,26,73,68,4,16,2,0,2,9,5,0,15,0,0,0,4,0,0,0.235,0.28800000000000003,0.353,0.6409999999999999
Isan Diaz,24,52,MLB-NL,Miami,7,22,22,3,4,0,0,0,1,0,0,7,0,0,0,0,0,0,0.182,0.182,0.182,0.364
Lewin Diaz,23,59,MLB-NL,Miami,14,41,39,2,6,2,0,0,3,2,0,12,0,0,0,2,0,0,0.154,0.195,0.205,0.4
Yandy Díaz,28,66,MLB-AL,Tampa Bay,34,138,114,16,35,3,0,2,11,23,1,17,1,0,0,6,0,0,0.307,0.428,0.386,0.8140000000000001
Alex Dickerson,30,39,MLB-NL,San Francisco,52,169,150,28,45,10,1,10,27,16,2,29,2,0,1,5,0,0,0.3,0.373,0.58,0.953
Corey Dickerson,31,39,MLB-NL,Miami,52,210,194,25,50,5,1,7,17,15,1,35,0,0,0,5,1,0,0.258,0.311,0.402,0.713
Derek Dietrich,30,39,MLB-AL,Texas,25,75,61,9,12,1,0,5,8,9,0,21,5,0,0,4,1,0,0.19699999999999998,0.34700000000000003,0.45899999999999996,0.8059999999999999
Wilmer Difo,28,62,MLB-NL,Washington,12,18,14,1,1,0,0,0,1,3,0,4,0,0,1,0,0,0,0.071,0.222,0.071,0.294
Brandon Dixon,28,39,MLB-AL,Detroit,5,14,13,0,1,1,0,0,2,1,0,4,0,0,0,1,0,0,0.077,0.14300000000000002,0.154,0.297
Josh Donaldson,34,41,MLB-AL,Minnesota,28,102,81,14,18,2,0,6,11,18,1,24,2,0,1,4,0,0,0.222,0.373,0.469,0.8420000000000001
Brian Dozier,33,83,MLB-NL,New York,7,16,15,1,2,0,0,0,0,1,0,5,0,0,0,1,0,0,0.133,0.188,0.133,0.321
Hunter Dozier,28,39,MLB-AL,Kansas City,44,186,158,29,36,4,2,6,12,27,0,48,1,0,0,3,4,0,0.228,0.344,0.392,0.736
Brandon Drury,27,72,MLB-AL,Toronto,21,49,46,3,7,1,0,0,1,2,0,9,0,0,1,0,0,0,0.152,0.184,0.174,0.358
Mauricio Dubon,25,39,MLB-NL,San Francisco,54,177,157,21,43,4,1,4,19,15,0,36,1,1,2,4,2,2,0.27399999999999997,0.337,0.389,0.726
Steven Duggar,26,39,MLB-NL,San Francisco,21,36,34,3,6,2,0,0,3,1,0,11,1,0,0,1,1,0,0.17600000000000002,0.222,0.235,0.45799999999999996
Adam Duvall,31,39,MLB-NL,Atlanta,57,209,190,34,45,8,0,16,33,15,0,54,3,0,1,2,0,0,0.237,0.301,0.532,0.833
Jarrod Dyson,35,42,"MLB-NL,MLB-AL","Pittsburgh,Chicago",32,66,61,9,11,0,0,0,5,4,0,11,0,1,0,0,6,0,0.18,0.231,0.18,0.41100000000000003
Adam Eaton,31,50,MLB-NL,Washington,41,176,159,22,36,11,1,4,17,12,1,32,1,4,0,4,3,0,0.226,0.285,0.384,0.669
Tommy Edman,25,39,MLB-NL,St. Louis,55,227,204,29,51,7,1,5,26,16,0,48,5,0,2,5,2,4,0.25,0.317,0.368,0.685
Edwin Encarnacion,37,39,MLB-AL,Chicago,44,181,159,19,25,5,0,10,19,16,0,54,4,0,1,3,0,0,0.157,0.25,0.377,0.627
Adam Engel,28,39,MLB-AL,Chicago,36,93,88,11,26,5,1,3,12,3,0,19,2,0,0,1,1,0,0.295,0.33299999999999996,0.47700000000000004,0.8109999999999999
Phil Ervin,27,40,"MLB-NL,MLB-AL","Cincinnati,Seattle",37,89,74,10,11,3,0,0,4,14,0,22,1,0,0,2,1,0,0.149,0.292,0.18899999999999997,0.48100000000000004
Eduardo Escobar,31,39,MLB-NL,Arizona,54,222,203,22,43,7,3,4,20,15,4,41,2,0,2,5,1,0,0.212,0.27,0.335,0.605
Santiago Espinal,25,48,MLB-AL,Toronto,26,66,60,10,16,4,0,0,6,4,0,16,0,1,1,1,1,0,0.267,0.308,0.33299999999999996,0.6409999999999999
Thairo Estrada,24,51,MLB-AL,New York,26,52,48,8,8,0,0,1,3,1,0,19,3,0,0,0,1,0,0.16699999999999998,0.231,0.22899999999999998,0.46
Phillip Evans,27,89,MLB-NL,Pittsburgh,11,45,39,6,14,2,0,1,9,5,0,7,1,0,0,1,0,1,0.359,0.444,0.48700000000000004,0.932
Kyle Farmer,29,39,MLB-NL,Cincinnati,32,70,64,4,17,3,0,0,4,5,0,13,1,0,0,0,1,0,0.266,0.32899999999999996,0.313,0.6409999999999999
Derek Fisher,26,51,MLB-AL,Toronto,16,39,31,5,7,2,1,1,7,7,0,11,0,0,1,0,0,1,0.226,0.359,0.452,0.8109999999999999
David Fletcher,26,39,MLB-AL,Los Angeles,49,230,207,31,66,13,0,3,18,20,0,25,0,1,2,4,2,0,0.319,0.376,0.425,0.8009999999999999
Wilmer Flores,28,39,MLB-NL,San Francisco,55,213,198,30,53,11,1,12,32,13,1,36,1,0,1,5,1,0,0.268,0.315,0.515,0.83
Estevan Florial,22,69,MLB-AL,New York,1,3,3,0,1,0,0,0,0,0,0,2,0,0,0,0,0,0,0.33299999999999996,0.33299999999999996,0.33299999999999996,0.667
Tyler Flowers,34,39,MLB-NL,Atlanta,22,80,69,5,15,6,0,1,5,8,0,34,3,0,0,1,0,0,0.217,0.325,0.348,0.6729999999999999
Mike Ford,27,53,MLB-AL,New York,29,84,74,5,10,4,0,2,11,7,0,16,2,0,1,4,0,0,0.135,0.226,0.27,0.496
Logan Forsythe,33,72,MLB-NL,Miami,12,38,34,2,4,1,0,1,2,4,0,12,0,0,0,0,0,0,0.11800000000000001,0.21100000000000002,0.235,0.446
Dexter Fowler,34,39,MLB-NL,St. Louis,31,101,90,14,21,2,0,4,15,10,0,28,1,0,0,2,1,1,0.233,0.317,0.389,0.706
Jake Fraley,25,44,MLB-AL,Seattle,7,29,26,3,4,1,1,0,0,2,0,11,1,0,0,0,2,1,0.154,0.24100000000000002,0.26899999999999996,0.511
Ty France,25,39,"MLB-AL,MLB-NL","Seattle,San Diego",43,155,141,19,43,9,1,4,23,11,0,37,3,0,0,3,0,0,0.305,0.368,0.46799999999999997,0.836
Maikel Franco,27,39,MLB-AL,Kansas City,60,243,223,23,62,16,0,8,38,16,1,38,0,0,4,4,1,0,0.278,0.321,0.457,0.778
Adam Frazier,28,39,MLB-NL,Pittsburgh,58,230,209,22,48,7,0,7,23,17,0,35,3,1,0,3,1,3,0.23,0.297,0.364,0.6609999999999999
Clint Frazier,25,40,MLB-AL,New York,39,160,131,24,35,6,1,8,26,25,0,44,3,0,1,5,3,0,0.267,0.39399999999999996,0.511,0.905
Todd Frazier,34,39,"MLB-AL,MLB-NL","Texas,New York",45,172,157,16,37,9,1,4,12,11,0,42,4,0,0,1,1,1,0.23600000000000002,0.302,0.382,0.684
Freddie Freeman,30,39,MLB-NL,Atlanta,60,262,214,51,73,23,1,13,53,45,7,37,3,0,0,6,2,0,0.341,0.462,0.64,1.102
Mike Freeman,32,40,MLB-AL,Cleveland,24,43,38,5,9,3,0,0,3,3,0,11,1,0,1,0,0,0,0.237,0.302,0.316,0.618
Josh Fuentes,27,39,MLB-NL,Colorado,30,103,98,14,30,7,0,2,17,2,0,29,1,0,2,1,1,0,0.306,0.32,0.439,0.759
Cam Gallagher,27,43,MLB-AL,Kansas City,25,60,53,10,15,5,0,1,3,6,0,11,0,1,0,0,0,0,0.28300000000000003,0.35600000000000004,0.434,0.79
Joey Gallo,26,39,MLB-AL,Texas,57,226,193,23,35,8,0,10,26,29,2,79,4,0,0,0,2,0,0.18100000000000002,0.301,0.37799999999999995,0.679
Freddy Galvis,30,39,MLB-NL,Cincinnati,47,159,141,18,31,5,0,7,16,13,0,30,5,0,0,5,1,1,0.22,0.308,0.40399999999999997,0.7120000000000001
Ben Gamel,28,48,MLB-NL,Milwaukee,40,127,114,13,27,8,1,3,10,13,0,39,0,0,0,4,0,2,0.237,0.315,0.40399999999999997,0.718
Adolis García,27,93,MLB-AL,Texas,3,7,6,0,0,0,0,0,0,1,0,4,0,0,0,0,0,0,0.0,0.14300000000000002,0.0,0.14300000000000002
Avisail Garcia,29,39,MLB-NL,Milwaukee,53,207,181,20,43,10,0,2,15,20,2,49,6,0,0,2,1,3,0.23800000000000002,0.33299999999999996,0.326,0.659
Greg Garcia,30,39,MLB-NL,San Diego,35,72,61,6,12,3,0,0,11,7,0,19,0,3,1,0,1,0,0.19699999999999998,0.275,0.24600000000000002,0.521
José García,22,39,MLB-NL,Cincinnati,24,68,67,4,13,0,0,0,2,1,0,26,0,0,0,1,1,1,0.19399999999999998,0.20600000000000002,0.19399999999999998,0.4
Leury Garcia,29,87,MLB-AL,Chicago,16,63,59,6,16,1,0,3,8,4,0,9,0,0,0,0,0,0,0.271,0.317,0.441,0.758
Luis Garcia,20,39,MLB-NL,Washington,40,139,134,18,37,6,0,2,16,5,0,29,0,0,0,3,1,1,0.276,0.302,0.366,0.6679999999999999
Brett Gardner,36,39,MLB-AL,New York,49,158,130,20,29,5,1,5,15,26,0,35,1,0,1,0,3,1,0.223,0.354,0.392,0.747
Kyle Garlick,28,51,MLB-NL,Philadelphia,12,23,22,0,3,1,0,0,3,0,0,7,1,0,0,0,0,0,0.136,0.174,0.182,0.35600000000000004
Dustin Garneau,32,39,MLB-AL,Houston,17,46,38,4,6,0,1,1,4,6,0,15,0,2,0,1,0,0,0.158,0.273,0.289,0.562
Mitch Garver,29,39,MLB-AL,Minnesota,23,81,72,8,12,1,0,2,5,7,0,37,1,0,1,1,0,0,0.16699999999999998,0.247,0.264,0.511
Andres Gimenez,21,40,MLB-NL,New York,49,131,117,22,31,3,2,3,12,7,0,27,6,0,1,0,8,1,0.265,0.336,0.402,0.738
Ryan Goins,32,68,MLB-AL,Chicago,14,10,9,4,0,0,0,0,0,1,0,1,0,0,0,0,0,0,0.0,0.1,0.0,0.1
Paul Goldschmidt,32,39,MLB-NL,St. Louis,58,231,191,31,58,13,0,6,21,37,0,43,1,0,1,4,1,0,0.304,0.41700000000000004,0.466,0.883
Yan Gomes,32,39,MLB-NL,Washington,30,119,109,14,31,6,1,4,13,6,0,22,1,0,3,1,1,0,0.284,0.319,0.46799999999999997,0.787
Erik Gonzalez,28,39,MLB-NL,Pittsburgh,50,193,181,14,41,13,1,3,20,8,0,51,0,1,3,5,2,3,0.22699999999999998,0.255,0.359,0.614
Luis Gonzalez,24,74,MLB-AL,Chicago,3,2,1,1,0,0,0,0,0,0,0,1,1,0,0,0,0,0,0.0,0.5,0.0,0.5
Marwin Gonzalez,31,39,MLB-AL,Minnesota,53,199,175,15,37,4,0,5,22,17,0,41,3,0,4,1,0,0,0.21100000000000002,0.28600000000000003,0.32,0.606
Niko Goodrum,28,39,MLB-AL,Detroit,43,179,158,15,29,7,1,5,20,18,0,69,0,0,3,4,7,1,0.184,0.263,0.335,0.598
Brian Goodwin,29,40,"MLB-NL,MLB-AL","Cincinnati,Los Angeles",50,164,144,17,31,9,1,6,22,17,1,54,1,0,2,1,5,0,0.215,0.299,0.41700000000000004,0.715
Alex Gordon,36,39,MLB-AL,Kansas City,50,184,163,15,34,4,0,4,11,18,0,37,3,0,0,0,0,0,0.209,0.299,0.307,0.606
Terrance Gore,29,99,MLB-NL,Los Angeles,2,0,0,0,0,0,0,0,0,0,0,0,0,0,0,0,0,0,,,,
Phil Gosselin,31,39,MLB-NL,Philadelphia,39,102,92,14,23,5,0,3,12,10,1,27,0,0,0,3,0,0,0.25,0.324,0.402,0.726
Yasmani Grandal,31,39,MLB-AL,Chicago,46,194,161,27,37,7,0,8,27,30,0,58,1,0,2,4,0,0,0.23,0.35100000000000003,0.42200000000000004,0.773
Didi Gregorius,30,39,MLB-NL,Philadelphia,60,237,215,34,61,10,2,10,40,15,3,28,4,1,2,4,3,1,0.284,0.33899999999999997,0.488,0.8270000000000001
Grayson Greiner,27,54,MLB-AL,Detroit,18,55,51,8,6,2,0,3,8,3,0,20,1,0,0,2,0,0,0.11800000000000001,0.182,0.33299999999999996,0.515
Randal Grichuk,28,39,MLB-AL,Toronto,55,231,216,38,59,9,0,12,35,13,1,49,0,0,2,5,1,0,0.273,0.312,0.48100000000000004,0.7929999999999999
Trent Grisham,23,40,MLB-NL,San Diego,59,252,215,42,54,8,3,10,26,31,0,64,3,1,1,1,10,1,0.251,0.35200000000000004,0.456,0.8079999999999999
Robbie Grossman,30,40,MLB-AL,Oakland,51,192,166,23,40,12,2,8,23,21,2,38,5,0,0,1,8,1,0.24100000000000002,0.344,0.48200000000000004,0.826
Deivy Grullon,24,58,MLB-AL,Boston,1,4,3,0,1,0,0,0,1,1,0,1,0,0,0,0,0,0,0.33299999999999996,0.5,0.33299999999999996,0.833
Vladimir Guerrero Jr.,21,39,MLB-AL,Toronto,60,243,221,34,58,13,2,9,33,20,1,38,2,0,0,6,1,0,0.262,0.32899999999999996,0.462,0.7909999999999999
Luis Guillorme,25,39,MLB-NL,New York,29,68,57,6,19,6,0,0,9,10,0,17,0,0,1,3,2,0,0.33299999999999996,0.426,0.439,0.865
Lourdes Gurriel Jr.,26,39,MLB-AL,Toronto,57,224,208,28,64,14,0,11,33,14,0,48,0,0,2,7,3,0,0.308,0.348,0.534,0.882
Yuli Gurriel,36,39,MLB-AL,Houston,57,230,211,27,49,12,1,6,22,12,0,27,2,0,5,6,0,1,0.23199999999999998,0.27399999999999997,0.384,0.6579999999999999
Kelvin Gutierrez,25,46,MLB-AL,Kansas City,4,12,9,0,1,0,0,0,0,3,0,6,0,0,0,0,0,0,0.111,0.33299999999999996,0.111,0.444
Ronald Guzman,25,39,MLB-AL,Texas,26,86,78,10,19,1,1,4,9,7,0,24,1,0,0,0,1,0,0.244,0.314,0.436,0.75
Jedd Gyorko,31,39,MLB-NL,Milwaukee,42,135,117,19,29,3,0,9,17,15,1,38,1,0,2,4,0,0,0.248,0.33299999999999996,0.504,0.838
Eric Haase,27,39,MLB-AL,Detroit,7,19,17,1,3,0,0,0,2,1,0,6,0,0,1,0,0,0,0.17600000000000002,0.21100000000000002,0.17600000000000002,0.387
Sam Haggerty,26,62,MLB-AL,Seattle,13,54,50,7,13,4,0,1,6,4,0,16,0,0,0,0,4,0,0.26,0.315,0.4,0.715
Billy Hamilton,29,39,MLB-NL,"Chicago,New York",31,36,32,10,4,0,0,1,2,2,0,7,0,1,1,0,6,2,0.125,0.171,0.21899999999999997,0.39
Garrett Hampson,25,39,MLB-NL,Colorado,53,184,167,25,39,4,3,5,11,13,0,60,0,3,1,1,6,1,0.23399999999999999,0.287,0.38299999999999995,0.6709999999999999
Ian Happ,25,40,MLB-NL,Chicago,57,231,198,27,51,11,1,12,28,30,1,63,2,1,0,1,1,2,0.258,0.361,0.505,0.866
Bryce Harper,27,39,MLB-NL,Philadelphia,58,244,190,41,51,9,2,13,33,49,8,43,2,1,2,5,8,1,0.268,0.42,0.542,0.9620000000000001
Josh Harrison,32,39,MLB-NL,Washington,33,91,79,11,22,2,0,3,14,6,0,12,4,0,2,2,1,2,0.278,0.35200000000000004,0.418,0.769
Monte Harrison,24,40,MLB-NL,Miami,32,51,47,8,8,1,0,1,3,4,0,26,0,0,0,0,6,0,0.17,0.235,0.255,0.491
Adam Haseley,24,39,MLB-NL,Philadelphia,40,92,79,7,22,5,0,0,13,7,1,17,2,3,1,3,0,0,0.278,0.348,0.342,0.69
Ke'Bryan Hayes,23,39,MLB-NL,Pittsburgh,24,95,85,17,32,7,2,5,11,9,2,20,1,0,0,2,1,0,0.376,0.442,0.682,1.124
Austin Hays,24,39,MLB-AL,Baltimore,33,134,122,20,34,2,0,4,9,8,0,25,2,0,2,1,2,3,0.27899999999999997,0.32799999999999996,0.39299999999999996,0.722
Ryon Healy,28,41,MLB-NL,Milwaukee,4,7,7,0,1,0,0,0,0,0,0,2,0,0,0,0,0,0,0.14300000000000002,0.14300000000000002,0.14300000000000002,0.28600000000000003
Nick Heath,26,40,MLB-AL,Kansas City,15,18,13,2,2,1,0,0,3,2,0,6,1,1,0,0,2,2,0.154,0.313,0.231,0.5429999999999999
Adeiny Hechavarria,31,39,MLB-NL,Atlanta,27,63,59,7,15,3,0,0,2,4,0,12,0,0,0,1,0,0,0.254,0.302,0.305,0.607
Austin Hedges,27,40,"MLB-AL,MLB-NL","Cleveland,San Diego",35,83,69,7,10,1,0,3,6,6,0,23,2,5,1,3,1,0,0.145,0.231,0.29,0.521
Jonah Heim,25,40,MLB-AL,Oakland,13,41,38,5,8,0,0,0,5,3,0,3,0,0,0,1,0,0,0.21100000000000002,0.268,0.21100000000000002,0.479
Scott Heineman,27,59,MLB-AL,Texas,24,54,52,6,8,3,0,1,7,2,0,11,0,0,0,1,3,0,0.154,0.185,0.26899999999999996,0.45399999999999996
Tyler Heineman,29,40,MLB-NL,San Francisco,15,50,42,3,8,1,0,0,1,4,0,6,2,2,0,0,1,0,0.19,0.292,0.214,0.506
Guillermo Heredia,29,39,MLB-NL,"Pittsburgh,New York",15,36,33,6,7,0,0,2,5,3,0,9,0,0,0,0,1,0,0.212,0.278,0.39399999999999996,0.672
Michael Hermosillo,25,95,MLB-AL,Los Angeles,7,10,8,0,2,0,0,0,2,1,0,1,0,0,1,0,1,0,0.25,0.3,0.25,0.55
Cesar Hernandez,30,39,MLB-AL,Cleveland,58,261,233,35,66,20,0,3,20,24,0,57,2,1,0,3,0,0,0.28300000000000003,0.355,0.408,0.763
Enrique Hernandez,28,39,MLB-NL,Los Angeles,48,148,139,20,32,8,1,5,20,6,0,31,2,0,1,5,0,1,0.23,0.27,0.41,0.68
Oscar Hernandez,26,96,MLB-AL,Kansas City,4,4,4,1,2,0,0,0,0,0,0,1,0,0,0,1,0,0,0.5,0.5,0.5,1.0
Teoscar Hernandez,27,40,MLB-AL,Toronto,50,207,190,33,55,7,0,16,34,14,0,63,1,0,1,4,6,1,0.289,0.34,0.579,0.919
Yadiel Hernández,32,39,MLB-NL,Washington,12,28,26,3,5,3,0,1,6,1,0,12,0,0,1,0,0,0,0.192,0.214,0.423,0.637
Dilson Herrera,26,62,MLB-AL,Baltimore,3,6,5,0,0,0,0,0,0,0,0,4,1,0,0,0,0,0,0.0,0.16699999999999998,0.0,0.16699999999999998
Jason Heyward,30,40,MLB-NL,Chicago,50,181,147,20,39,6,2,6,22,30,1,37,2,0,2,1,2,0,0.265,0.392,0.456,0.848
Aaron Hicks,30,39,MLB-AL,New York,54,211,169,28,38,10,2,6,21,41,1,38,1,0,0,4,4,1,0.225,0.379,0.414,0.7929999999999999
Kyle Higashioka,30,41,MLB-AL,New York,16,48,48,7,12,1,0,4,10,0,0,11,0,0,0,0,0,0,0.25,0.25,0.521,0.7709999999999999
Derek Hill,24,40,MLB-AL,Detroit,15,12,11,3,1,0,0,0,0,1,0,6,0,0,0,0,0,0,0.091,0.16699999999999998,0.091,0.258
Tim Hill,30,39,MLB-NL,San Diego,1,1,1,0,0,0,0,0,0,0,0,1,0,0,0,0,0,0,0.0,0.0,0.0,0.0
Sam Hilliard,26,39,MLB-NL,Colorado,36,114,105,13,22,2,2,6,10,9,0,42,0,0,0,0,3,0,0.21,0.272,0.43799999999999994,0.71
Keston Hiura,23,39,MLB-NL,Milwaukee,59,246,217,30,46,4,0,13,32,16,2,85,11,0,2,7,3,2,0.212,0.297,0.41,0.7070000000000001
Nico Hoerner,23,39,MLB-NL,Chicago,48,126,108,19,24,4,0,0,13,12,0,24,3,0,2,3,3,2,0.222,0.312,0.259,0.5710000000000001
Bryan Holaday,32,42,MLB-AL,Baltimore,20,33,31,5,5,1,0,0,4,2,0,9,0,0,0,1,0,0,0.161,0.212,0.19399999999999998,0.406
Jonathan Holder,27,62,MLB-AL,New York,1,0,0,1,0,0,0,0,0,0,0,0,0,0,0,0,0,0,,,,
Brock Holt,32,39,MLB-NL,"Milwaukee,Washington",36,106,95,12,20,6,0,0,5,9,0,24,1,0,1,3,1,0,0.21100000000000002,0.28300000000000003,0.27399999999999997,0.557
Rhys Hoskins,27,54,MLB-NL,Philadelphia,41,185,151,35,37,9,0,10,26,29,0,43,5,0,0,4,1,0,0.245,0.384,0.503,0.887
Eric Hosmer,30,40,MLB-NL,San Diego,38,156,143,23,41,6,0,9,36,9,0,28,2,0,2,3,4,0,0.287,0.33299999999999996,0.517,0.851
Joe Hudson,29,67,MLB-AL,Seattle,9,20,17,0,3,0,0,0,0,2,0,5,0,1,0,0,0,0,0.17600000000000002,0.263,0.17600000000000002,0.44
Sam Huff,22,39,MLB-AL,Texas,10,33,31,5,11,3,0,3,4,2,0,11,0,0,0,0,0,0,0.355,0.39399999999999996,0.742,1.136
José Iglesias,30,40,MLB-AL,Baltimore,39,150,142,16,53,17,0,3,24,3,0,17,4,0,1,1,0,0,0.373,0.4,0.556,0.956
Ender Inciarte,29,39,MLB-NL,Atlanta,46,131,116,17,22,2,1,1,10,12,0,25,0,1,2,0,4,1,0.19,0.262,0.25,0.512
Alex Jackson,24,75,MLB-NL,Atlanta,5,7,7,0,2,1,0,0,0,0,0,4,0,0,0,1,0,0,0.28600000000000003,0.28600000000000003,0.429,0.7140000000000001
Travis Jankowski,29,74,MLB-NL,Cincinnati,16,17,15,3,1,0,0,0,0,2,0,7,0,0,0,1,2,1,0.067,0.17600000000000002,0.067,0.243
Danny Jansen,25,39,MLB-AL,Toronto,43,147,120,18,22,3,0,6,20,21,0,31,2,3,1,1,0,0,0.183,0.313,0.358,0.6709999999999999
Jon Jay,35,40,MLB-NL,Arizona,18,57,50,5,8,1,0,1,4,3,0,12,1,0,3,0,0,0,0.16,0.21100000000000002,0.24,0.451
Ryan Jeffers,23,40,MLB-AL,Minnesota,26,62,55,5,15,0,0,3,7,5,0,19,2,0,0,0,0,0,0.273,0.355,0.436,0.7909999999999999
Eloy Jimenez,23,42,MLB-AL,Chicago,55,226,213,26,63,14,0,14,41,12,0,56,0,0,1,4,0,0,0.29600000000000004,0.332,0.5589999999999999,0.8909999999999999
Daniel Johnson,24,94,MLB-AL,Cleveland,5,13,12,0,1,0,0,0,0,1,1,5,0,0,0,0,0,0,0.083,0.154,0.083,0.237
JaCoby Jones,28,65,MLB-AL,Detroit,30,108,97,19,26,9,0,5,14,7,0,34,3,0,1,1,1,1,0.268,0.33299999999999996,0.515,0.8490000000000001
Jahmai Jones,22,39,MLB-AL,Los Angeles,3,7,7,2,3,0,0,0,1,0,0,2,0,0,0,0,0,0,0.429,0.429,0.429,0.857
Taylor Jones,26,72,MLB-AL,Houston,7,22,21,3,4,1,0,1,3,1,0,7,0,0,0,2,0,0,0.19,0.22699999999999998,0.381,0.608
Caleb Joseph,34,57,MLB-AL,Toronto,3,9,8,2,1,0,0,1,2,1,0,1,0,0,0,0,0,0,0.125,0.222,0.5,0.722
Matthew Joyce,35,39,MLB-NL,Miami,46,148,127,16,32,4,0,2,14,20,0,41,0,0,1,3,1,0,0.252,0.35100000000000003,0.331,0.682
Aaron Judge,28,39,MLB-AL,New York,28,114,101,23,26,3,0,9,22,10,0,32,2,0,0,5,0,1,0.257,0.336,0.5539999999999999,0.8909999999999999
Carson Kelly,25,39,MLB-NL,Arizona,39,129,122,11,27,5,0,5,19,6,0,29,1,0,0,4,0,0,0.221,0.264,0.385,0.649
Matt Kemp,35,41,MLB-NL,Colorado,43,132,117,18,28,3,0,6,21,15,1,41,0,0,0,5,1,0,0.239,0.326,0.419,0.745
Tony Kemp,28,39,MLB-AL,Oakland,49,114,93,15,23,5,0,0,4,15,0,14,3,1,2,0,3,1,0.247,0.363,0.301,0.664
Howie Kendrick,36,61,MLB-NL,Washington,25,100,91,11,25,4,0,2,14,7,2,17,0,0,2,4,0,0,0.275,0.32,0.385,0.705
Max Kepler,27,39,MLB-AL,Minnesota,48,196,171,27,39,9,0,9,23,22,0,36,2,0,1,1,3,0,0.228,0.321,0.439,0.76
Carter Kieboom,22,45,MLB-NL,Washington,33,122,99,15,20,1,0,0,9,17,0,33,5,0,1,5,0,1,0.20199999999999999,0.344,0.212,0.556
Kevin Kiermaier,30,40,MLB-AL,Tampa Bay,49,159,138,16,30,5,3,3,22,20,1,42,1,0,0,2,8,1,0.217,0.321,0.36200000000000004,0.6829999999999999
Isiah Kiner-Falefa,25,39,MLB-AL,Texas,58,228,211,28,59,4,3,3,10,14,0,32,2,0,1,6,8,5,0.28,0.32899999999999996,0.37,0.6990000000000001
Scott Kingery,26,39,MLB-NL,Philadelphia,36,124,113,12,18,5,0,3,6,9,0,35,1,1,0,1,0,0,0.159,0.228,0.28300000000000003,0.511
Jason Kipnis,33,39,MLB-NL,Chicago,44,135,114,13,27,8,1,3,16,18,0,41,1,0,2,1,1,0,0.237,0.341,0.40399999999999997,0.7440000000000001
Alejandro Kirk,21,40,MLB-AL,Toronto,9,25,24,4,9,2,0,1,3,1,0,4,0,0,0,0,0,0,0.375,0.4,0.583,0.983
Andrew Knapp,28,39,MLB-NL,Philadelphia,33,89,72,9,20,4,1,2,15,15,0,19,1,0,1,1,0,0,0.278,0.40399999999999997,0.444,0.8490000000000001
Andrew Knizner,25,65,MLB-NL,St. Louis,8,17,16,1,4,1,0,0,4,0,0,5,0,0,1,2,0,0,0.25,0.235,0.313,0.5479999999999999
Adam Kolarek,31,39,MLB-NL,Los Angeles,1,0,0,0,0,0,0,0,0,0,0,0,0,0,0,0,0,0,,,,
Erik Kratz,40,44,MLB-AL,New York,16,30,28,2,9,2,0,0,4,2,0,6,0,0,0,0,0,0,0.321,0.36700000000000005,0.39299999999999996,0.76
Tommy La Stella,31,39,MLB-AL,"Los Angeles,Oakland",55,228,196,31,55,14,2,5,25,27,0,12,2,1,2,6,1,0,0.281,0.37,0.449,0.8190000000000001
Juan Lagares,31,71,MLB-NL,New York,2,0,0,0,0,0,0,0,0,0,0,0,0,0,0,0,0,0,,,,
Travis Lakins,26,62,MLB-AL,Baltimore,1,0,0,1,0,0,0,0,0,0,0,0,0,0,0,0,0,0,,,,
Jake Lamb,29,39,"MLB-NL,MLB-AL","Arizona,Oakland",31,99,88,7,17,5,0,3,10,8,0,25,3,0,0,1,0,1,0.193,0.28300000000000003,0.35200000000000004,0.635
Ramon Laureano,25,39,MLB-AL,Oakland,54,222,183,27,39,8,1,6,25,24,0,58,12,0,3,7,2,1,0.213,0.33799999999999997,0.366,0.7040000000000001
Ryan Lavarnway,32,80,MLB-NL,Miami,5,11,11,0,4,0,0,0,0,0,0,2,0,0,0,0,0,0,0.364,0.364,0.364,0.727
DJ LeMahieu,31,39,MLB-AL,New York,50,216,195,41,71,10,2,10,27,18,0,21,2,0,1,3,3,0,0.364,0.42100000000000004,0.59,1.011
Sandy Leon,31,41,MLB-AL,Cleveland,25,81,66,4,9,1,0,2,4,14,0,21,1,0,0,2,0,0,0.136,0.29600000000000004,0.242,0.539
Kyle Lewis,24,39,MLB-AL,Seattle,58,242,206,37,54,3,0,11,28,34,0,71,0,0,2,5,5,1,0.262,0.364,0.43700000000000006,0.8009999999999999
Tzu-Wei Lin,26,39,MLB-AL,Boston,26,57,52,2,8,1,0,0,3,2,0,17,0,2,1,1,0,0,0.154,0.182,0.17300000000000001,0.355
Francisco Lindor,26,39,MLB-AL,Cleveland,60,266,236,30,61,13,0,8,27,24,2,41,4,0,2,8,6,2,0.258,0.335,0.415,0.75
Tim Locastro,27,39,MLB-NL,Arizona,33,82,69,15,20,4,1,2,7,8,0,14,4,1,0,0,4,0,0.29,0.395,0.46399999999999997,0.8590000000000001
Shed Long,24,58,MLB-AL,Seattle,34,128,117,10,20,5,0,3,9,11,0,37,0,0,0,1,4,0,0.171,0.242,0.29100000000000004,0.5329999999999999
Evan Longoria,34,39,MLB-NL,San Francisco,53,209,193,26,49,10,1,7,28,11,0,39,2,0,3,10,0,1,0.254,0.297,0.425,0.722
Tim Lopes,26,39,MLB-AL,Seattle,46,151,143,16,34,12,0,2,15,6,0,34,2,0,0,2,5,0,0.23800000000000002,0.278,0.364,0.642
Nicky Lopez,25,39,MLB-AL,Kansas City,56,192,169,15,34,8,0,1,13,18,0,41,2,3,0,1,0,4,0.201,0.28600000000000003,0.266,0.552
Michael Lorenzen,28,39,MLB-NL,Cincinnati,6,1,0,2,0,0,0,0,0,0,0,0,1,0,0,0,0,0,,1.0,,
Brandon Lowe,25,39,MLB-AL,Tampa Bay,56,224,193,36,52,9,2,14,37,25,0,58,4,0,2,2,3,0,0.26899999999999996,0.36200000000000004,0.5539999999999999,0.9159999999999999
Nate Lowe,24,39,MLB-AL,Tampa Bay,21,76,67,10,15,2,0,4,11,9,2,28,0,0,0,2,1,0,0.22399999999999998,0.316,0.433,0.7490000000000001
Jonathan Lucroy,34,104,MLB-AL,Boston,1,0,0,0,0,0,0,0,0,0,0,0,0,0,0,0,0,0,,,,
Dawel Lugo,25,81,MLB-AL,Detroit,9,11,10,3,2,0,0,0,1,1,0,1,0,0,0,1,0,0,0.2,0.273,0.2,0.473
Jordan Luplow,26,39,MLB-AL,Cleveland,29,92,78,8,15,5,1,2,8,12,0,19,1,0,1,3,0,1,0.192,0.304,0.359,0.6629999999999999
Gavin Lux,22,39,MLB-NL,Los Angeles,19,69,63,8,11,2,0,3,8,6,0,19,0,0,0,0,1,0,0.175,0.24600000000000002,0.349,0.596
Manny Machado,27,39,MLB-NL,San Diego,60,254,224,44,68,12,1,16,47,26,4,37,0,0,4,9,6,3,0.304,0.37,0.58,0.95
Vimael Machin,26,40,MLB-AL,Oakland,24,71,63,11,13,2,0,0,0,8,0,10,0,0,0,4,0,0,0.20600000000000002,0.29600000000000004,0.23800000000000002,0.534
Nick Madrigal,23,39,MLB-AL,Chicago,29,109,103,8,35,3,0,0,11,4,0,7,2,0,0,5,2,1,0.34,0.376,0.369,0.745
Martin Maldonado,33,41,MLB-AL,Houston,47,165,135,19,29,4,0,6,24,27,0,51,1,2,0,1,1,0,0.215,0.35,0.37799999999999995,0.727
Rafael Marchan,21,46,MLB-NL,Philadelphia,3,9,8,3,4,0,0,1,3,1,0,2,0,0,0,0,0,0,0.5,0.556,0.875,1.431
Manuel Margot,25,40,MLB-AL,Tampa Bay,47,159,145,19,39,9,0,1,11,13,0,25,0,0,1,0,12,4,0.26899999999999996,0.327,0.35200000000000004,0.679
Jake Marisnick,29,48,MLB-NL,New York,16,34,33,4,11,3,0,2,5,1,0,10,0,0,0,0,0,0,0.33299999999999996,0.353,0.606,0.9590000000000001
Nick Markakis,36,39,MLB-NL,Atlanta,37,141,130,15,33,15,0,1,15,10,0,23,1,0,0,5,0,0,0.254,0.312,0.392,0.7040000000000001
Jose Marmolejos,27,39,MLB-AL,Seattle,35,115,107,12,22,4,0,6,18,7,0,32,1,0,0,2,0,0,0.20600000000000002,0.261,0.41100000000000003,0.672
Ketel Marte,26,39,MLB-NL,Arizona,45,195,181,19,52,14,1,2,17,7,0,21,4,0,3,2,1,0,0.287,0.32299999999999995,0.409,0.732
Starling Marte,31,39,MLB-NL,"Arizona,Miami",61,250,228,36,64,14,1,6,27,12,1,41,9,0,1,5,10,2,0.281,0.34,0.43,0.77
Jason Martin,24,48,MLB-NL,Pittsburgh,7,11,9,2,0,0,0,0,0,2,0,4,0,0,0,0,0,0,0.0,0.182,0.0,0.182
J.D. Martinez,32,39,MLB-AL,Boston,54,237,211,22,45,16,0,7,27,22,3,59,2,0,2,6,1,0,0.213,0.29100000000000004,0.389,0.68
Jose Martinez,31,42,"MLB-NL,MLB-AL","Chicago,Tampa Bay",34,98,88,10,16,4,0,2,10,10,1,27,0,0,0,6,0,0,0.182,0.265,0.295,0.561
Jorge Mateo,25,39,MLB-NL,San Diego,22,28,26,4,4,3,0,0,2,1,0,11,0,1,0,1,1,0,0.154,0.185,0.26899999999999996,0.45399999999999996
Mark Mathias,25,61,MLB-NL,Milwaukee,16,36,36,2,10,3,0,0,4,0,0,7,0,0,0,0,1,0,0.278,0.278,0.361,0.639
Jeff Mathis,37,40,MLB-AL,Texas,24,69,63,6,10,1,1,3,9,5,0,25,0,0,1,0,1,0,0.159,0.217,0.349,0.5670000000000001
Wyatt Mathisen,26,39,MLB-NL,Arizona,9,33,27,5,6,0,0,2,5,5,0,12,1,0,0,0,0,0,0.222,0.364,0.444,0.8079999999999999
Cameron Maybin,33,39,"MLB-AL,MLB-NL","Detroit,Chicago",32,101,93,8,23,8,1,1,7,7,0,25,1,0,0,4,3,0,0.247,0.307,0.387,0.6940000000000001
Jack Mayfield,29,39,MLB-AL,Houston,21,48,43,5,8,1,0,0,3,2,0,15,1,1,1,1,0,0,0.18600000000000003,0.23399999999999999,0.209,0.44299999999999995
Nomar Mazara,25,39,MLB-AL,Chicago,42,149,136,13,31,6,0,1,15,10,0,44,3,0,0,0,0,1,0.228,0.295,0.294,0.589
Ryan McBroom,28,39,MLB-AL,Kansas City,36,85,81,8,20,3,0,6,10,4,0,30,0,0,0,2,0,0,0.247,0.282,0.506,0.789
James McCann,30,40,MLB-AL,Chicago,31,111,97,20,28,3,0,7,15,8,0,30,4,0,2,2,1,1,0.289,0.36,0.536,0.8959999999999999
Joe McCarthy,26,100,MLB-NL,San Francisco,4,10,10,0,0,0,0,0,0,0,0,5,0,0,0,0,0,0,0.0,0.0,0.0,0.0
Andrew McCutchen,33,39,MLB-NL,Philadelphia,57,241,217,32,55,9,0,10,34,22,0,48,1,0,1,4,4,0,0.253,0.324,0.433,0.757
Reese McGuire,25,62,MLB-AL,Toronto,19,45,41,2,3,0,0,1,1,0,0,11,0,4,0,1,0,0,0.073,0.073,0.146,0.22
Billy McKinney,25,77,MLB-AL,Toronto,2,3,3,1,2,0,0,0,0,0,0,0,0,0,0,0,0,0,0.667,0.667,0.667,1.3330000000000002
Zach McKinstry,25,46,MLB-NL,Los Angeles,4,7,7,1,2,1,0,0,0,0,0,3,0,0,0,1,0,0,0.28600000000000003,0.28600000000000003,0.429,0.7140000000000001
Ryan McMahon,25,39,MLB-NL,Colorado,52,193,172,23,37,6,1,9,26,18,0,66,2,0,1,4,0,1,0.215,0.295,0.419,0.7140000000000001
Jeff McNeil,28,40,MLB-NL,New York,52,209,183,19,57,14,0,4,23,20,2,24,3,0,3,3,0,1,0.311,0.38299999999999995,0.45399999999999996,0.836
Austin Meadows,25,49,MLB-AL,Tampa Bay,36,152,132,19,27,8,1,4,13,17,0,50,1,0,2,0,2,1,0.205,0.29600000000000004,0.371,0.667
Erick Mejia,25,46,MLB-AL,Kansas City,8,16,14,1,1,1,0,0,0,0,0,7,0,1,0,0,1,0,0.071,0.071,0.14300000000000002,0.214
Francisco Mejia,24,50,MLB-NL,San Diego,17,42,39,5,3,1,0,1,2,1,0,9,2,0,0,1,0,0,0.077,0.14300000000000002,0.179,0.322
Danny Mendick,26,53,MLB-AL,Chicago,33,114,107,11,26,4,1,3,6,6,0,25,0,0,1,3,0,1,0.243,0.281,0.38299999999999995,0.664
Oscar Mercado,25,39,MLB-AL,Cleveland,36,93,86,6,11,1,0,1,6,5,0,27,0,1,1,0,3,0,0.128,0.174,0.174,0.348
Yermin Mercedes,27,95,MLB-AL,Chicago,1,1,1,0,0,0,0,0,0,0,0,0,0,0,0,0,0,0,0.0,0.0,0.0,0.0
Jordy Mercer,33,66,MLB-AL,"Detroit,New York",9,22,20,2,4,0,0,0,0,2,0,2,0,0,0,1,0,0,0.2,0.273,0.2,0.473
Whit Merrifield,31,39,MLB-AL,Kansas City,60,265,248,38,70,12,0,9,30,12,0,33,4,0,1,3,12,1,0.282,0.325,0.44,0.764
Brad Miller,30,40,MLB-NL,St. Louis,48,171,142,21,33,8,1,7,25,25,1,46,3,0,1,2,1,0,0.23199999999999998,0.35700000000000004,0.451,0.807
Ian Miller,28,74,MLB-NL,Chicago,1,0,0,0,0,0,0,0,0,0,0,0,0,0,0,0,0,0,,,,
Alec Mills,28,91,MLB-NL,Chicago,1,1,1,0,0,0,0,0,0,0,0,1,0,0,0,0,0,0,0.0,0.0,0.0,0.0
Yadier Molina,37,39,MLB-NL,St. Louis,42,156,145,12,38,2,0,4,16,6,0,21,3,1,1,7,0,0,0.262,0.303,0.359,0.662
Yoan Moncada,25,39,MLB-AL,Chicago,52,231,200,28,45,8,3,6,24,28,0,72,1,0,2,1,0,0,0.225,0.32,0.385,0.705
Adalberto Mondesi,24,39,MLB-AL,Kansas City,59,233,219,33,56,11,3,6,22,11,0,70,1,2,0,4,24,8,0.256,0.294,0.41600000000000004,0.71
Mickey Moniak,22,43,MLB-NL,Philadelphia,8,18,14,3,3,0,0,0,0,4,0,6,0,0,0,0,0,0,0.214,0.389,0.214,0.603
Dylan Moore,27,45,MLB-AL,Seattle,38,159,137,26,35,9,0,8,17,14,0,43,8,0,0,4,12,5,0.255,0.358,0.496,0.855
Colin Moran,27,39,MLB-NL,Pittsburgh,52,200,178,28,44,10,0,10,23,19,0,52,2,0,1,9,0,0,0.247,0.325,0.47200000000000003,0.797
Mitch Moreland,34,39,"MLB-AL,MLB-NL","Boston,San Diego",42,152,136,22,36,9,0,10,29,15,2,32,1,0,0,0,0,0,0.265,0.342,0.551,0.894
Logan Morrison,32,88,MLB-NL,Milwaukee,9,28,25,3,3,1,0,1,2,3,0,8,0,0,0,0,0,0,0.12,0.214,0.28,0.494
Ryan Mountcastle,23,39,MLB-AL,Baltimore,35,140,126,12,42,5,0,5,23,11,0,30,1,0,2,2,0,1,0.33299999999999996,0.386,0.49200000000000005,0.878
Mike Moustakas,31,39,MLB-NL,Cincinnati,44,163,139,13,32,9,0,8,27,18,1,36,4,0,2,5,1,0,0.23,0.331,0.46799999999999997,0.799
Cedric Mullins,25,39,MLB-AL,Baltimore,48,153,140,16,38,4,3,3,12,8,0,37,1,4,0,0,7,2,0.271,0.315,0.40700000000000003,0.723
Max Muncy,29,39,MLB-NL,Los Angeles,58,248,203,36,39,4,0,12,27,39,2,60,4,0,2,3,1,0,0.192,0.331,0.389,0.72
Yairo Munoz,25,49,MLB-AL,Boston,12,45,45,6,15,5,0,1,4,0,0,11,0,0,0,1,2,0,0.33299999999999996,0.33299999999999996,0.511,0.8440000000000001
Daniel Murphy,35,40,MLB-NL,Colorado,40,132,123,10,29,3,0,3,16,7,2,21,0,0,1,3,0,0,0.23600000000000002,0.275,0.33299999999999996,0.608
John Ryan Murphy,29,42,MLB-NL,Pittsburgh,25,63,58,6,10,2,0,0,2,4,0,28,0,1,0,1,0,0,0.172,0.226,0.207,0.433
Sean Murphy,25,39,MLB-AL,Oakland,43,140,116,21,27,5,0,7,14,24,0,37,0,0,0,6,0,0,0.233,0.364,0.457,0.821
Wil Myers,29,39,MLB-NL,San Diego,55,218,198,34,57,14,2,15,40,18,0,56,2,0,0,0,2,1,0.28800000000000003,0.353,0.606,0.9590000000000001
Tyler Naquin,29,40,MLB-AL,Cleveland,40,141,133,15,29,8,1,4,20,5,0,40,1,0,2,3,0,1,0.218,0.248,0.38299999999999995,0.632
Omar Narvaez,28,40,MLB-NL,Milwaukee,40,126,108,8,19,4,0,2,10,16,0,39,2,0,0,1,0,0,0.17600000000000002,0.294,0.26899999999999996,0.562
Brian Navarreto,25,72,MLB-NL,Miami,2,5,5,0,2,0,0,0,0,0,0,1,0,0,0,0,0,0,0.4,0.4,0.4,0.8
Josh Naylor,23,39,"MLB-AL,MLB-NL","Cleveland,San Diego",40,104,97,13,24,3,1,1,6,5,0,12,1,0,0,2,1,0,0.247,0.29100000000000004,0.33,0.621
Kevin Newman,26,47,MLB-NL,Pittsburgh,44,172,156,12,35,5,0,1,10,12,0,21,1,1,2,1,0,1,0.22399999999999998,0.281,0.276,0.556
Tomas Nido,26,79,MLB-NL,New York,7,26,24,4,7,1,0,2,6,2,0,6,0,0,0,2,0,0,0.292,0.34600000000000003,0.583,0.929
Brandon Nimmo,27,39,MLB-NL,New York,55,225,186,33,52,8,3,8,18,33,0,43,6,0,0,1,1,2,0.28,0.40399999999999997,0.484,0.888
John Nogowski,27,81,MLB-NL,St. Louis,1,4,4,0,1,0,0,0,0,0,0,1,0,0,0,0,0,0,0.25,0.25,0.25,0.5
Austin Nola,30,39,"MLB-AL,MLB-NL","Seattle,San Diego",48,184,161,24,44,9,1,7,28,18,1,34,3,0,2,3,0,0,0.273,0.353,0.47200000000000003,0.825
Jake Noll,26,39,MLB-NL,Washington,7,17,17,2,6,1,0,0,0,0,0,4,0,0,0,1,0,0,0.353,0.353,0.41200000000000003,0.765
Jacob Nottingham,25,39,MLB-NL,Milwaukee,20,54,48,8,9,1,0,4,13,5,0,20,1,0,0,1,0,0,0.188,0.278,0.45799999999999996,0.736
Eduardo Nunez,33,102,MLB-NL,New York,2,2,2,0,1,0,0,0,0,0,0,0,0,0,0,0,1,0,0.5,0.5,0.5,1.0
Renato Nunez,26,39,MLB-AL,Baltimore,52,216,195,29,50,10,0,12,31,17,0,64,3,0,1,4,0,0,0.256,0.324,0.49200000000000005,0.816
Brian O'Grady,28,65,MLB-AL,Tampa Bay,2,5,5,2,2,1,0,0,0,0,0,1,0,0,0,0,1,0,0.4,0.4,0.6,1.0
Ryan O'Hearn,26,40,MLB-AL,Kansas City,42,132,113,7,22,6,0,2,18,18,2,37,0,0,1,5,0,0,0.195,0.303,0.301,0.604
Tyler O'Neill,25,39,MLB-NL,St. Louis,50,157,139,20,24,5,0,7,19,15,0,43,2,0,1,3,3,1,0.17300000000000001,0.261,0.36,0.621
Joseph Odom,28,39,MLB-AL,Seattle,18,44,39,2,5,0,0,0,2,4,0,20,0,1,0,1,0,0,0.128,0.209,0.128,0.33799999999999997
Rougned Odor,26,39,MLB-AL,Texas,38,148,138,15,23,4,0,10,30,7,0,47,1,0,2,2,0,1,0.16699999999999998,0.209,0.413,0.623
Shohei Ohtani,25,39,MLB-AL,Los Angeles,44,175,153,23,29,6,0,7,24,22,0,50,0,0,0,3,7,1,0.19,0.29100000000000004,0.366,0.657
Jared Oliva,24,40,MLB-NL,Pittsburgh,6,16,16,0,3,0,0,0,0,0,0,6,0,0,0,0,1,0,0.188,0.188,0.188,0.375
Edward Olivares,24,39,"MLB-AL,MLB-NL","Kansas City,San Diego",31,101,96,9,23,2,1,3,10,4,0,25,0,0,1,1,0,2,0.24,0.267,0.375,0.642
Matt Olson,26,39,MLB-AL,Oakland,60,245,210,28,41,4,1,14,42,34,2,77,1,0,0,2,1,0,0.195,0.31,0.424,0.7340000000000001
Jorge Oña,23,50,MLB-NL,San Diego,5,15,12,3,3,1,0,1,2,2,0,7,1,0,0,0,0,0,0.25,0.4,0.583,0.983
Nate Orf,30,39,MLB-AL,Oakland,6,7,7,1,0,0,0,0,0,0,0,1,0,0,0,0,0,0,0.0,0.0,0.0,0.0
Jose Osuna,27,39,MLB-NL,Pittsburgh,26,82,78,6,16,3,0,4,11,4,0,16,0,0,0,1,0,1,0.205,0.244,0.397,0.6409999999999999
Chris Owings,28,78,MLB-NL,Colorado,17,44,41,9,11,1,0,2,5,3,0,11,0,0,0,0,1,0,0.268,0.318,0.439,0.757
Marcell Ozuna,29,39,MLB-NL,Atlanta,60,267,228,38,77,14,0,18,56,38,3,60,0,0,1,3,0,0,0.33799999999999997,0.431,0.636,1.067
Cristian Pache,21,75,MLB-NL,Atlanta,2,4,4,0,1,0,0,0,0,0,0,2,0,0,0,0,0,0,0.25,0.25,0.25,0.5
Joe Panik,29,39,MLB-AL,Toronto,41,141,120,18,27,6,0,1,7,20,0,27,1,0,0,4,0,0,0.225,0.34,0.3,0.64
Isaac Paredes,21,39,MLB-AL,Detroit,34,108,100,7,22,4,0,1,6,8,0,24,0,0,0,1,0,0,0.22,0.278,0.29,0.568
Mark Payton,28,67,MLB-NL,Cincinnati,8,20,18,0,3,1,0,0,0,2,0,5,0,0,0,1,1,0,0.16699999999999998,0.25,0.222,0.47200000000000003
Joc Pederson,28,39,MLB-NL,Los Angeles,43,138,121,21,23,4,0,7,16,11,0,34,5,0,0,5,1,0,0.19,0.285,0.397,0.6809999999999999
Hunter Pence,37,76,MLB-NL,San Francisco,17,56,52,4,5,0,1,2,6,3,0,15,1,0,0,3,0,0,0.096,0.161,0.25,0.41100000000000003
David Peralta,32,40,MLB-NL,Arizona,54,218,203,19,61,10,1,5,34,13,0,45,0,0,2,4,1,0,0.3,0.33899999999999997,0.433,0.773
Jose Peraza,26,58,MLB-AL,Boston,34,120,111,13,25,8,1,1,8,5,0,18,3,0,1,3,1,1,0.225,0.275,0.342,0.617
Hernan Perez,29,71,MLB-NL,Chicago,3,6,6,0,1,0,0,0,0,0,0,2,0,0,0,0,0,0,0.16699999999999998,0.16699999999999998,0.16699999999999998,0.33299999999999996
Michael Perez,27,39,MLB-AL,Tampa Bay,38,93,84,7,14,3,0,1,13,7,0,27,1,0,1,3,0,0,0.16699999999999998,0.237,0.23800000000000002,0.475
Roberto Perez,31,39,MLB-AL,Cleveland,32,110,97,6,16,2,0,1,5,11,0,38,2,0,0,2,0,0,0.165,0.264,0.21600000000000003,0.48
Salvador Perez,30,39,MLB-AL,Kansas City,37,156,150,22,50,12,0,11,32,3,0,36,2,0,1,0,1,0,0.33299999999999996,0.353,0.633,0.986
Jace Peterson,30,39,MLB-NL,Milwaukee,26,61,45,6,9,1,0,2,5,15,0,20,0,0,1,0,1,0,0.2,0.39299999999999996,0.35600000000000004,0.7490000000000001
Tommy Pham,32,39,MLB-NL,San Diego,31,124,108,13,23,2,0,3,12,15,0,26,1,0,0,2,6,0,0.213,0.315,0.315,0.629
Josh Phegley,32,72,MLB-NL,Chicago,11,18,16,4,1,0,0,1,2,1,0,3,1,0,0,0,0,0,0.063,0.16699999999999998,0.25,0.41700000000000004
Brett Phillips,26,39,MLB-AL,"Kansas City,Tampa Bay",35,59,51,10,10,0,2,2,5,8,0,15,0,0,0,0,6,1,0.196,0.305,0.392,0.6970000000000001
Kevin Pillar,31,40,"MLB-NL,MLB-AL","Colorado,Boston",54,223,208,34,60,12,3,6,26,13,1,41,2,0,0,4,5,2,0.28800000000000003,0.336,0.462,0.7979999999999999
Manny Pina,33,70,MLB-NL,Milwaukee,15,45,39,4,9,1,0,2,5,3,0,11,3,0,0,0,0,0,0.231,0.33299999999999996,0.41,0.7440000000000001
Chad Pinder,28,39,MLB-AL,Oakland,24,61,56,8,13,3,0,2,8,5,0,13,0,0,0,3,0,0,0.23199999999999998,0.295,0.39299999999999996,0.688
Stephen Piscotty,29,39,MLB-AL,Oakland,45,171,159,17,36,6,0,5,29,9,0,53,1,1,1,4,4,0,0.226,0.271,0.358,0.629
Kevin Plawecki,29,39,MLB-AL,Boston,24,89,82,8,28,5,1,1,17,5,0,14,2,0,0,4,1,0,0.341,0.39299999999999996,0.46299999999999997,0.857
Gregory Polanco,28,40,MLB-NL,Pittsburgh,50,174,157,12,24,6,0,7,22,13,0,65,0,0,3,1,3,1,0.153,0.214,0.325,0.539
Jorge Polanco,26,39,MLB-AL,Minnesota,55,226,209,22,54,8,0,4,19,13,0,35,1,2,1,7,4,2,0.258,0.304,0.354,0.6579999999999999
AJ Pollock,32,39,MLB-NL,Los Angeles,55,210,196,30,54,9,0,16,34,12,1,45,0,0,2,6,2,2,0.276,0.314,0.5660000000000001,0.8809999999999999
Jurickson Profar,27,39,MLB-NL,San Diego,56,202,180,28,50,6,0,7,25,15,0,28,4,1,2,1,7,1,0.278,0.34299999999999997,0.428,0.7709999999999999
Cesar Puello,29,39,MLB-AL,Boston,5,11,8,1,3,0,0,0,0,2,0,2,0,1,0,0,0,0,0.375,0.5,0.375,0.875
Albert Pujols,40,40,MLB-AL,Los Angeles,39,163,152,15,34,8,0,6,25,9,1,25,1,0,1,4,0,0,0.22399999999999998,0.27,0.395,0.665
Roman Quinn,27,39,MLB-NL,Philadelphia,41,116,108,14,23,3,1,2,7,5,0,39,2,1,0,0,12,0,0.213,0.261,0.315,0.5760000000000001
Harold Ramirez,25,61,MLB-NL,Miami,3,11,10,2,2,0,0,0,1,1,0,2,0,0,0,0,0,0,0.2,0.273,0.2,0.473
Jose Ramirez,27,39,MLB-AL,Cleveland,58,254,219,45,64,16,1,17,46,31,0,43,3,0,1,2,10,3,0.292,0.386,0.607,0.993
Wilson Ramos,32,39,MLB-NL,New York,45,155,142,13,34,6,0,5,15,10,0,31,2,0,1,5,0,0,0.239,0.297,0.387,0.684
Rangel Ravelo,28,41,MLB-NL,St. Louis,13,41,35,5,6,1,0,1,6,4,0,6,0,0,2,0,0,0,0.171,0.244,0.28600000000000003,0.53
J.T. Realmuto,29,39,MLB-NL,Philadelphia,47,195,173,33,46,6,0,11,32,16,0,48,6,0,0,3,4,1,0.266,0.349,0.491,0.84
Josh Reddick,33,39,MLB-AL,Houston,56,210,188,22,46,11,1,4,23,20,0,42,0,0,1,5,1,0,0.245,0.316,0.37799999999999995,0.693
Rob Refsnyder,29,75,MLB-AL,Texas,15,34,30,4,6,1,0,0,1,2,0,11,1,0,1,0,0,0,0.2,0.265,0.233,0.498
Anthony Rendon,30,41,MLB-AL,Los Angeles,52,232,189,29,54,11,1,9,31,38,2,31,5,0,0,10,0,0,0.28600000000000003,0.418,0.49700000000000005,0.915
Hunter Renfroe,28,39,MLB-AL,Tampa Bay,42,139,122,18,19,5,0,8,22,14,0,37,2,0,1,3,2,0,0.156,0.252,0.39299999999999996,0.645
Luis Rengifo,23,41,MLB-AL,Los Angeles,33,106,90,12,14,1,0,1,3,14,0,26,0,2,0,2,3,1,0.156,0.26899999999999996,0.2,0.469
Franmil Reyes,24,39,MLB-AL,Cleveland,59,241,211,27,58,10,0,9,34,24,0,69,1,0,5,6,0,0,0.275,0.344,0.45,0.795
Victor Reyes,25,39,MLB-AL,Detroit,57,213,202,30,56,7,2,4,14,9,0,45,2,0,0,4,8,0,0.27699999999999997,0.315,0.391,0.706
Bryan Reynolds,25,39,MLB-NL,Pittsburgh,55,208,185,24,35,6,2,7,19,21,0,57,1,0,0,2,1,1,0.18899999999999997,0.275,0.35700000000000004,0.632
Matt Reynolds,29,56,MLB-AL,Kansas City,3,11,11,1,0,0,0,0,0,0,0,7,0,0,0,0,0,0,0.0,0.0,0.0,0.0
Joey Rickard,29,67,MLB-NL,San Francisco,4,6,5,1,0,0,0,0,0,1,0,1,0,0,0,0,0,0,0.0,0.16699999999999998,0.0,0.16699999999999998
JT Riddle,28,39,MLB-NL,Pittsburgh,23,69,67,8,10,2,0,1,1,2,0,13,0,0,0,0,1,0,0.149,0.174,0.22399999999999998,0.39799999999999996
Austin Riley,23,41,MLB-NL,Atlanta,51,206,188,24,45,7,1,8,27,16,1,49,1,0,1,5,0,0,0.239,0.301,0.415,0.716
Edwin Rios,26,39,MLB-NL,Los Angeles,32,83,76,13,19,6,0,8,17,4,0,18,2,0,1,2,0,0,0.25,0.301,0.645,0.946
Rene Rivera,36,99,MLB-NL,New York,2,4,4,0,1,0,0,0,0,0,0,3,0,0,0,0,0,0,0.25,0.25,0.25,0.5
Yadiel Rivera,28,65,MLB-AL,Texas,4,5,5,0,0,0,0,0,0,0,0,1,0,0,0,0,1,0,0.0,0.0,0.0,0.0
Anthony Rizzo,30,40,MLB-NL,Chicago,58,243,203,26,45,6,0,11,24,28,4,38,10,0,2,6,3,0,0.222,0.342,0.414,0.755
Luis Robert,22,39,MLB-AL,Chicago,56,227,202,33,47,8,0,11,31,20,0,73,1,0,2,4,9,2,0.233,0.302,0.436,0.738
Daniel Robertson,26,41,MLB-NL,San Francisco,13,24,21,4,7,0,0,0,2,3,0,6,0,0,0,0,0,0,0.33299999999999996,0.41700000000000004,0.33299999999999996,0.75
Victor Robles,23,39,MLB-NL,Washington,52,189,168,20,37,5,1,3,15,9,0,53,9,1,2,0,4,1,0.22,0.293,0.315,0.608
Brendan Rodgers,23,68,MLB-NL,Colorado,7,21,21,1,2,1,0,0,2,0,0,6,0,0,0,0,0,0,0.095,0.095,0.14300000000000002,0.23800000000000002
Sean Rodriguez,35,47,MLB-NL,Miami,4,13,13,0,2,0,0,0,0,0,0,6,0,0,0,0,0,0,0.154,0.154,0.154,0.308
Josh Rojas,26,46,MLB-NL,Arizona,17,70,61,9,11,0,0,0,2,7,0,16,0,0,2,1,1,0,0.18,0.257,0.18,0.43700000000000006
Miguel Rojas,31,40,MLB-NL,Miami,40,143,125,20,38,10,1,4,20,16,2,18,2,0,0,1,5,1,0.304,0.392,0.496,0.888
Andrew Romine,34,41,MLB-AL,Texas,2,4,4,1,1,1,0,0,0,0,0,1,0,0,0,0,0,0,0.25,0.25,0.5,0.75
Austin Romine,31,40,MLB-AL,Detroit,37,135,130,12,31,5,0,2,17,4,0,47,0,0,1,3,0,0,0.23800000000000002,0.259,0.32299999999999995,0.5820000000000001
Brent Rooker,25,54,MLB-AL,Minnesota,7,21,19,4,6,2,0,1,5,0,0,5,2,0,0,0,0,0,0.316,0.381,0.579,0.96
Amed Rosario,24,39,MLB-NL,New York,46,148,144,20,36,3,1,4,15,4,0,35,0,0,0,5,0,1,0.25,0.27,0.368,0.638
Eddie Rosario,28,39,MLB-AL,Minnesota,57,231,210,31,54,7,0,13,42,19,2,34,0,0,2,3,3,0,0.257,0.316,0.47600000000000003,0.792
Darin Ruf,33,39,MLB-NL,San Francisco,40,101,88,11,24,6,0,5,18,13,0,24,0,0,0,1,1,0,0.273,0.366,0.511,0.878
Keibert Ruiz,21,78,MLB-NL,Los Angeles,2,8,8,1,2,0,0,1,1,0,0,3,0,0,0,0,0,0,0.25,0.25,0.625,0.875
Rio Ruiz,26,39,MLB-AL,Baltimore,54,204,185,25,41,11,0,9,32,17,1,46,0,1,1,4,1,0,0.222,0.28600000000000003,0.42700000000000005,0.713
Ali Sanchez,23,65,MLB-NL,New York,5,10,9,0,1,0,0,0,0,1,0,3,0,0,0,2,0,0,0.111,0.2,0.111,0.311
Gary Sanchez,27,39,MLB-AL,New York,49,178,156,19,23,4,0,10,24,18,0,64,4,0,0,6,0,0,0.147,0.253,0.365,0.618
Jesus Sanchez,22,66,MLB-NL,Miami,10,29,25,1,1,1,0,0,2,4,0,11,0,0,0,1,0,0,0.04,0.172,0.08,0.252
Yolmer Sanchez,28,42,MLB-AL,Chicago,11,21,16,7,5,3,0,1,1,5,0,5,0,0,0,1,0,0,0.313,0.47600000000000003,0.688,1.1640000000000001
Pablo Sandoval,33,39,MLB-NL,"Atlanta,San Francisco",34,94,84,5,18,1,0,1,6,8,0,19,1,0,1,3,0,0,0.214,0.287,0.262,0.5489999999999999
Miguel Sano,27,39,MLB-AL,Minnesota,53,205,186,31,38,12,0,13,25,18,1,90,1,0,0,3,0,0,0.204,0.278,0.478,0.757
Carlos Santana,34,39,MLB-AL,Cleveland,60,255,206,34,41,7,0,8,30,47,1,43,1,0,1,5,0,0,0.19899999999999998,0.349,0.35,0.6990000000000001
Danny Santana,29,71,MLB-AL,Texas,15,63,55,6,8,4,0,1,7,7,0,24,0,0,1,1,2,0,0.145,0.23800000000000002,0.273,0.511
Domingo Santana,27,68,MLB-AL,Cleveland,24,84,70,6,11,3,0,2,12,13,0,25,1,0,0,2,0,0,0.157,0.298,0.28600000000000003,0.583
Anthony Santander,25,62,MLB-AL,Baltimore,37,165,153,24,40,13,1,11,32,10,3,25,2,0,0,2,0,0,0.261,0.315,0.575,0.89
Scott Schebler,29,92,MLB-NL,Atlanta,1,1,1,0,0,0,0,0,0,0,0,0,0,0,0,0,0,0,0.0,0.0,0.0,0.0
Jonathan Schoop,28,54,MLB-AL,Detroit,44,177,162,26,45,4,2,8,23,8,0,39,4,0,2,8,0,0,0.278,0.324,0.475,0.799
Max Schrock,25,69,MLB-NL,St. Louis,11,17,17,1,3,0,0,1,1,0,0,6,0,0,0,0,0,0,0.17600000000000002,0.17600000000000002,0.353,0.529
Kyle Schwarber,27,39,MLB-NL,Chicago,59,224,191,30,36,6,0,11,24,30,1,66,3,0,0,3,1,0,0.188,0.308,0.39299999999999996,0.701
Corey Seager,26,39,MLB-NL,Los Angeles,52,232,212,38,65,12,1,15,41,17,0,37,1,0,2,8,1,0,0.307,0.358,0.585,0.943
Kyle Seager,32,39,MLB-AL,Seattle,60,248,203,35,49,12,0,9,40,32,3,33,7,0,6,4,5,0,0.24100000000000002,0.355,0.433,0.7879999999999999
Jean Segura,30,39,MLB-NL,Philadelphia,54,217,192,28,51,5,2,7,25,23,2,45,1,1,0,6,2,2,0.266,0.34700000000000003,0.42200000000000004,0.769
Marcus Semien,29,39,MLB-AL,Oakland,53,236,211,28,47,9,1,7,23,25,0,50,0,0,0,3,4,0,0.223,0.305,0.374,0.679
Nick Senzel,25,39,MLB-NL,Cincinnati,23,78,70,8,13,6,0,2,8,6,0,15,0,0,1,2,2,1,0.18600000000000003,0.247,0.35700000000000004,0.604
Pedro Severino,26,40,MLB-AL,Baltimore,48,178,160,17,40,5,1,5,21,16,0,40,1,1,0,3,1,0,0.25,0.322,0.38799999999999996,0.71
Travis Shaw,30,39,MLB-AL,Toronto,50,180,163,17,39,10,0,6,17,16,0,50,0,0,1,4,0,0,0.239,0.306,0.41100000000000003,0.7170000000000001
Magneuris Sierra,24,39,MLB-NL,Miami,19,53,44,8,11,3,1,0,7,5,0,9,1,2,1,0,4,1,0.25,0.33299999999999996,0.364,0.6970000000000001
Andrelton Simmons,30,45,MLB-AL,Los Angeles,30,127,118,19,35,7,0,0,10,8,0,16,1,0,0,5,2,0,0.297,0.34600000000000003,0.35600000000000004,0.7020000000000001
Chance Sisco,25,39,MLB-AL,Baltimore,36,121,98,11,21,4,0,4,10,17,0,41,6,0,0,1,0,0,0.214,0.364,0.37799999999999995,0.741
Austin Slater,27,39,MLB-NL,San Francisco,31,104,85,18,24,2,1,5,7,16,0,22,2,1,0,2,8,1,0.282,0.408,0.506,0.914
Dominic Smith,25,40,MLB-NL,New York,50,199,177,27,56,21,1,10,42,14,0,45,5,0,3,2,0,0,0.316,0.377,0.616,0.993
Dwight Smith Jr.,27,77,MLB-AL,Baltimore,21,72,63,9,14,3,0,2,6,7,1,19,1,0,1,1,1,0,0.222,0.306,0.365,0.6709999999999999
Kevan Smith,32,39,MLB-AL,Tampa Bay,17,38,31,3,8,3,0,1,8,5,0,11,1,0,0,1,0,0,0.258,0.37799999999999995,0.452,0.83
Mallex Smith,27,82,MLB-AL,Seattle,14,47,45,2,6,2,0,0,3,2,0,13,0,0,0,1,2,0,0.133,0.17,0.17800000000000002,0.348
Pavin Smith,24,39,MLB-NL,Arizona,12,44,37,7,10,0,1,1,4,5,0,8,0,0,2,0,1,0,0.27,0.341,0.405,0.746
Will Smith,25,39,MLB-NL,Los Angeles,37,137,114,23,33,9,0,8,25,20,1,22,2,0,1,2,0,0,0.289,0.401,0.579,0.98
Justin Smoak,33,49,MLB-NL,"San Francisco,Milwaukee",36,132,119,14,21,7,0,5,15,10,0,42,2,0,1,4,0,0,0.17600000000000002,0.25,0.361,0.611
Eric Sogard,34,39,MLB-NL,Milwaukee,43,128,115,10,24,5,0,1,10,11,0,20,1,0,1,1,0,0,0.209,0.281,0.278,0.56
Nick Solak,25,39,MLB-AL,Texas,58,233,209,27,56,10,0,2,23,18,0,42,2,0,4,6,7,1,0.268,0.326,0.344,0.6709999999999999
Donovan Solano,32,39,MLB-NL,San Francisco,54,203,190,22,62,15,1,3,29,10,0,39,2,0,1,2,0,0,0.326,0.365,0.46299999999999997,0.828
Jorge Soler,28,42,MLB-AL,Kansas City,43,174,149,17,34,8,0,8,24,19,0,60,3,0,1,3,0,0,0.228,0.326,0.44299999999999995,0.769
Elliot Soto,30,39,MLB-AL,Los Angeles,3,7,6,2,2,1,0,0,0,1,0,1,0,0,0,0,0,0,0.33299999999999996,0.429,0.5,0.929
Juan Soto,21,39,MLB-NL,Washington,47,196,154,39,54,14,0,13,37,41,12,28,1,0,0,1,6,2,0.35100000000000003,0.49,0.695,1.185
Steven Souza Jr.,31,61,MLB-NL,Chicago,11,31,27,3,4,2,0,1,5,4,0,15,0,0,0,0,1,0,0.14800000000000002,0.258,0.33299999999999996,0.591
George Springer,30,39,MLB-AL,Houston,51,222,189,37,50,6,2,14,32,24,0,38,5,0,2,3,1,2,0.265,0.359,0.54,0.899
Jacob Stallings,30,40,MLB-NL,Pittsburgh,42,143,125,13,31,7,0,3,18,15,0,40,0,2,1,2,0,0,0.248,0.326,0.376,0.7020000000000001
Giancarlo Stanton,30,40,MLB-AL,New York,23,94,76,12,19,7,0,4,11,15,1,27,2,0,0,4,1,0,0.25,0.387,0.5,0.887
Bubba Starling,27,44,MLB-AL,Kansas City,35,64,59,5,10,1,0,1,5,4,0,27,0,0,1,0,0,0,0.16899999999999998,0.21899999999999997,0.237,0.456
Max Stassi,29,40,MLB-AL,Los Angeles,31,105,90,12,25,2,0,7,20,11,0,21,1,0,3,5,0,0,0.278,0.35200000000000004,0.5329999999999999,0.8859999999999999
Tyler Stephenson,23,44,MLB-NL,Cincinnati,8,20,17,4,5,0,0,2,6,2,0,9,1,0,0,0,0,0,0.294,0.4,0.647,1.047
Andrew Stevenson,26,39,MLB-NL,Washington,15,47,41,11,15,7,1,2,12,5,0,11,1,0,0,0,2,0,0.366,0.447,0.732,1.179
Christin Stewart,26,39,MLB-AL,Detroit,36,99,90,6,15,3,0,3,9,5,0,30,2,0,1,2,0,0,0.16699999999999998,0.22399999999999998,0.3,0.524
DJ Stewart,26,39,MLB-AL,Baltimore,31,112,88,13,17,2,0,7,15,20,0,38,2,2,0,0,0,0,0.193,0.355,0.455,0.809
Trevor Story,27,39,MLB-NL,Colorado,59,259,235,41,68,13,4,11,28,24,1,63,0,0,0,5,15,3,0.289,0.355,0.519,0.8740000000000001
Dee Strange-Gordon,32,40,MLB-AL,Seattle,33,82,75,12,15,1,0,0,3,5,0,13,2,0,0,1,3,2,0.2,0.268,0.213,0.48200000000000004
Myles Straw,25,39,MLB-AL,Houston,33,86,82,8,17,4,0,0,8,4,0,22,0,0,0,0,6,2,0.207,0.244,0.256,0.5
Garrett Stubbs,27,61,MLB-AL,Houston,14,10,8,1,1,0,0,0,1,0,0,0,0,1,1,0,0,1,0.125,0.111,0.125,0.23600000000000002
Eugenio Suarez,28,39,MLB-NL,Cincinnati,57,231,198,29,40,8,0,15,38,30,1,67,2,0,1,5,2,0,0.20199999999999999,0.312,0.47,0.7809999999999999
Andrew Susac,30,39,MLB-NL,Pittsburgh,1,4,2,0,0,0,0,0,0,2,0,0,0,0,0,0,0,0,0.0,0.5,0.0,0.5
Kurt Suzuki,36,40,MLB-NL,Washington,33,129,111,15,30,8,0,2,17,11,0,19,4,0,3,4,1,0,0.27,0.349,0.396,0.745
Dansby Swanson,26,39,MLB-NL,Atlanta,60,264,237,49,65,15,0,10,35,22,0,71,4,0,1,0,5,0,0.27399999999999997,0.345,0.46399999999999997,0.809
Raimel Tapia,26,39,MLB-NL,Colorado,51,206,184,26,59,8,2,1,17,14,0,38,2,1,3,3,8,2,0.321,0.369,0.402,0.772
Fernando Tatis Jr.,21,39,MLB-NL,San Diego,59,257,224,50,62,11,2,17,45,27,1,61,5,0,1,6,11,3,0.27699999999999997,0.366,0.5710000000000001,0.937
Mike Tauchman,29,41,MLB-AL,New York,43,111,95,18,23,6,0,0,14,14,3,26,1,0,1,3,6,0,0.242,0.342,0.305,0.648
Leody Taveras,21,39,MLB-AL,Texas,33,134,119,20,27,6,1,4,6,14,0,43,0,1,0,0,8,0,0.22699999999999998,0.308,0.395,0.703
Beau Taylor,30,74,MLB-AL,Cleveland,7,24,21,1,1,0,0,0,2,2,0,9,0,1,0,0,0,0,0.048,0.13,0.048,0.17800000000000002
Chris Taylor,29,39,MLB-NL,Los Angeles,56,214,185,30,50,10,2,8,32,26,0,55,2,1,0,3,3,2,0.27,0.366,0.47600000000000003,0.8420000000000001
Michael A. Taylor,29,39,MLB-NL,Washington,38,99,92,11,18,6,0,5,16,6,0,27,1,0,0,2,0,0,0.196,0.253,0.424,0.6759999999999999
Tyrone Taylor,26,39,MLB-NL,Milwaukee,22,41,38,6,9,4,0,2,6,2,0,8,1,0,0,1,0,0,0.237,0.293,0.5,0.7929999999999999
Anderson Tejeda,22,39,MLB-AL,Texas,23,77,75,7,19,4,1,3,8,2,0,30,0,0,0,2,4,1,0.253,0.273,0.45299999999999996,0.726
Rowdy Tellez,25,58,MLB-AL,Toronto,35,127,113,20,32,5,0,8,23,11,1,20,1,0,2,1,0,1,0.28300000000000003,0.34600000000000003,0.54,0.8859999999999999
Matt Thaiss,25,56,MLB-AL,Los Angeles,8,25,21,3,3,0,0,1,1,4,0,8,0,0,0,1,0,0,0.14300000000000002,0.28,0.28600000000000003,0.5660000000000001
Eric Thames,33,42,MLB-NL,Washington,41,140,123,10,25,5,0,3,12,14,1,42,3,0,0,2,1,0,0.203,0.3,0.317,0.617
Lane Thomas,24,51,MLB-NL,St. Louis,18,40,36,5,4,2,0,1,2,4,0,13,0,0,0,1,0,0,0.111,0.2,0.25,0.45
Abraham Toro,23,39,MLB-AL,Houston,33,97,87,13,13,2,0,3,9,3,0,23,7,0,0,1,1,1,0.149,0.237,0.276,0.513
Luis Torrens,24,40,"MLB-AL,MLB-NL","Seattle,San Diego",25,78,70,5,18,5,0,1,6,7,0,15,0,1,0,1,0,0,0.257,0.325,0.371,0.696
Gleyber Torres,23,39,MLB-AL,New York,42,160,136,17,33,8,0,3,16,22,0,28,2,0,0,5,1,0,0.243,0.35600000000000004,0.368,0.7240000000000001
Ronald Torreyes,27,53,MLB-NL,Philadelphia,4,7,7,1,1,1,0,0,0,0,0,0,0,0,0,1,0,0,0.14300000000000002,0.14300000000000002,0.28600000000000003,0.429
Jose Trevino,27,57,MLB-AL,Texas,24,82,75,10,19,8,0,2,9,3,0,14,1,1,2,1,0,0,0.253,0.284,0.44,0.7240000000000001
Chadwick Tromp,25,45,MLB-NL,San Francisco,24,64,61,11,13,1,0,4,10,1,0,20,0,0,2,3,0,0,0.213,0.21899999999999997,0.426,0.645
Mike Trout,28,41,MLB-AL,Los Angeles,53,241,199,41,56,9,2,17,46,35,4,56,3,0,4,1,1,1,0.281,0.39,0.603,0.993
Yoshi Tsutsugo,28,39,MLB-AL,Tampa Bay,51,185,157,27,31,5,1,8,24,26,1,50,1,0,1,5,0,0,0.19699999999999998,0.314,0.395,0.708
Cole Tucker,23,50,MLB-NL,Pittsburgh,37,116,109,17,24,3,0,1,8,5,0,31,0,1,1,3,1,0,0.22,0.252,0.275,0.527
Kyle Tucker,23,39,MLB-AL,Houston,58,228,209,33,56,12,6,9,42,18,2,46,0,0,1,2,8,1,0.268,0.325,0.512,0.8370000000000001
Justin Turner,35,39,MLB-NL,Los Angeles,42,175,150,26,46,9,1,4,23,18,0,26,6,0,1,2,1,0,0.307,0.4,0.46,0.86
Trea Turner,27,39,MLB-NL,Washington,59,259,233,46,78,15,4,12,41,22,0,36,2,0,2,5,12,4,0.335,0.39399999999999996,0.588,0.982
Justin Upton,32,39,MLB-AL,Los Angeles,42,166,147,20,30,5,0,9,22,11,0,43,7,0,1,6,0,1,0.204,0.289,0.42200000000000004,0.711
Luis Urias,23,39,MLB-NL,Milwaukee,41,120,109,11,26,4,1,0,11,10,0,32,1,0,0,4,2,2,0.239,0.308,0.294,0.602
Ramon Urias,26,40,MLB-AL,Baltimore,10,27,25,3,9,2,0,1,3,2,0,6,0,0,0,1,0,0,0.36,0.40700000000000003,0.56,0.9670000000000001
Gio Urshela,28,39,MLB-AL,New York,43,174,151,24,45,11,0,6,30,18,0,25,1,0,4,6,1,0,0.298,0.368,0.49,0.858
Pat Valaika,27,39,MLB-AL,Baltimore,51,150,141,24,39,4,0,8,16,8,0,34,0,1,0,3,0,1,0.27699999999999997,0.315,0.475,0.7909999999999999
Josh VanMeter,25,39,MLB-NL,"Arizona,Cincinnati",26,79,70,9,9,3,0,2,6,7,0,24,2,0,0,0,1,0,0.129,0.228,0.257,0.485
Ildemaro Vargas,28,47,"MLB-NL,MLB-AL","Chicago,Minnesota,Arizona",24,54,51,6,10,1,1,1,3,2,0,10,0,0,1,2,0,0,0.196,0.222,0.314,0.536
Daulton Varsho,23,39,MLB-NL,Arizona,37,115,101,16,19,5,2,3,9,12,0,33,2,0,0,1,3,1,0.188,0.287,0.366,0.653
Christian Vazquez,29,40,MLB-AL,Boston,47,189,173,22,49,9,0,7,23,16,0,43,0,0,0,6,4,2,0.28300000000000003,0.344,0.457,0.8009999999999999
Andrew Velazquez,25,48,MLB-AL,Baltimore,40,77,63,11,10,1,1,0,3,10,0,23,0,4,0,2,4,2,0.159,0.27399999999999997,0.20600000000000002,0.48
Alex Verdugo,24,40,MLB-AL,Boston,53,221,201,36,62,16,0,6,15,17,1,45,2,0,1,4,4,0,0.308,0.36700000000000005,0.478,0.8440000000000001
Jonathan Villar,29,39,"MLB-NL,MLB-AL","Miami,Toronto",52,207,185,13,43,5,0,2,15,19,1,54,0,1,2,2,16,5,0.23199999999999998,0.301,0.292,0.593
Meibrys Viloria,23,61,MLB-AL,Kansas City,15,24,21,1,4,1,0,0,0,2,0,9,1,0,0,0,0,0,0.19,0.292,0.23800000000000002,0.53
Daniel Vogelbach,27,39,"MLB-NL,MLB-AL","Milwaukee,Toronto,Seattle",39,136,115,16,24,3,0,6,16,20,1,33,1,0,0,3,0,0,0.209,0.331,0.391,0.722
Stephen Vogt,35,41,MLB-NL,Arizona,26,81,72,6,12,5,0,1,7,8,0,18,0,0,1,1,0,0,0.16699999999999998,0.247,0.278,0.525
Luke Voit,29,39,MLB-AL,New York,56,234,213,41,59,5,0,22,52,17,0,54,3,0,1,4,0,0,0.27699999999999997,0.33799999999999997,0.61,0.948
Joey Votto,36,39,MLB-NL,Cincinnati,54,223,186,32,42,8,0,11,22,37,1,43,0,0,0,5,0,0,0.226,0.354,0.446,0.8
LaMonte Wade Jr,26,41,MLB-AL,Minnesota,16,44,39,3,9,3,0,0,1,4,0,9,1,0,0,0,1,1,0.231,0.318,0.308,0.626
Tyler Wade,25,39,MLB-AL,New York,52,105,88,19,15,3,0,3,10,12,0,22,3,1,1,1,4,1,0.17,0.28800000000000003,0.307,0.595
Christian Walker,29,39,MLB-NL,Arizona,57,243,218,35,59,18,1,7,34,19,0,50,3,0,3,6,1,1,0.271,0.33299999999999996,0.45899999999999996,0.792
Neil Walker,34,58,MLB-NL,Philadelphia,18,41,39,5,9,3,0,0,3,1,0,13,0,0,1,0,0,0,0.231,0.244,0.308,0.552
Chad Wallach,28,39,MLB-NL,Miami,15,48,44,4,10,3,0,1,6,3,0,12,0,1,0,1,0,0,0.22699999999999998,0.27699999999999997,0.364,0.64
Jared Walsh,26,39,MLB-AL,Los Angeles,32,108,99,19,29,4,2,9,26,5,0,15,1,0,3,0,0,0,0.293,0.324,0.6459999999999999,0.971
Donovan Walton,26,52,MLB-AL,Seattle,5,14,13,0,2,1,0,0,3,1,0,5,0,0,0,1,0,1,0.154,0.214,0.231,0.445
Taylor Ward,26,39,MLB-AL,Los Angeles,34,102,94,16,26,6,2,0,5,8,0,28,0,0,0,1,2,0,0.27699999999999997,0.33299999999999996,0.38299999999999995,0.716
Joey Wendle,30,39,MLB-AL,Tampa Bay,50,184,168,24,48,9,2,4,17,10,1,35,5,0,1,1,8,2,0.28600000000000003,0.342,0.435,0.777
Eli White,26,39,MLB-AL,Texas,19,52,48,5,9,2,0,0,3,3,0,16,0,0,1,0,1,1,0.188,0.231,0.22899999999999998,0.46
Evan White,24,39,MLB-AL,Seattle,54,202,182,19,32,7,0,8,26,18,0,84,1,0,1,3,1,2,0.17600000000000002,0.252,0.34600000000000003,0.599
Aaron Whitefield,23,99,MLB-AL,Minnesota,3,1,1,1,0,0,0,0,0,0,0,0,0,0,0,0,0,0,0.0,0.0,0.0,0.0
Matt Wieters,34,41,MLB-NL,St. Louis,19,41,35,3,7,1,0,0,4,3,0,10,2,1,0,1,0,0,0.2,0.3,0.22899999999999998,0.529
Justin Williams,24,46,MLB-NL,St. Louis,3,6,5,0,1,0,0,0,0,1,0,2,0,0,0,0,0,0,0.2,0.33299999999999996,0.2,0.5329999999999999
Mason Williams,28,57,MLB-AL,Baltimore,10,18,18,0,2,0,1,0,0,0,0,9,0,0,0,0,0,1,0.111,0.111,0.222,0.33299999999999996
Jesse Winker,26,39,MLB-NL,Cincinnati,54,183,149,27,38,7,0,12,23,28,0,46,5,0,1,3,1,0,0.255,0.38799999999999996,0.544,0.932
Patrick Wisdom,28,40,MLB-NL,Chicago,2,2,2,0,0,0,0,0,0,0,0,0,0,0,0,0,0,0,0.0,0.0,0.0,0.0
Tony Wolters,28,39,MLB-NL,Colorado,42,109,100,10,23,4,0,0,8,6,0,30,1,2,0,1,0,0,0.23,0.28,0.27,0.55
Kolten Wong,29,39,MLB-NL,St. Louis,53,208,181,26,48,4,2,1,16,20,1,30,4,2,1,1,5,2,0.265,0.35,0.326,0.675
Mike Yastrzemski,29,39,MLB-NL,San Francisco,54,225,192,39,57,14,4,10,35,30,2,55,3,0,0,2,2,1,0.297,0.4,0.568,0.968
Christian Yelich,28,39,MLB-NL,Milwaukee,58,247,200,39,41,7,1,12,22,46,2,76,1,0,0,4,4,2,0.205,0.35600000000000004,0.43,0.7859999999999999
Andy Young,26,62,MLB-NL,Arizona,11,34,26,3,5,2,0,1,4,5,0,10,3,0,0,0,0,0,0.192,0.382,0.385,0.767
Bradley Zimmer,27,77,MLB-AL,Cleveland,20,50,37,3,6,0,0,1,3,7,0,14,5,0,1,2,2,1,0.162,0.36,0.243,0.603
Mike Zunino,29,40,MLB-AL,Tampa Bay,28,84,75,8,11,4,0,4,10,6,0,37,3,0,0,0,0,0,0.147,0.23800000000000002,0.36,0.598
