teamIDfg,Season,Team,Age,G,AB,PA,H,1B,2B,3B,HR,R,RBI,BB,IBB,SO,HBP,SF,SH,GDP,SB,CS,AVG,GB,FB,LD,IFFB,Pitches,Balls,Strikes,IFH,BU,BUH,BB%,K%,BB/K,OBP,SLG,OPS,ISO,BABIP,GB/FB,LD%,GB%,FB%,IFFB%,HR/FB,IFH%,BUH%,wOBA,wRAA,wRC,Bat,Fld,Rep,Pos,RAR,WAR,Dol,Spd,wRC+,WPA,-WPA,+WPA,RE24,REW,pLI,phLI,PH,WPA/LI,Clutch,FB% (Pitch),FBv,SL%,SLv,CT%,CTv,CB%,CBv,CH%,CHv,SF%,SFv,KN%,KNv,XX%,PO%,wFB,wSL,wCT,wCB,wCH,wSF,wKN,wFB/C,wSL/C,wCT/C,wCB/C,wCH/C,wSF/C,wKN/C,O-Swing%,Z-Swing%,Swing%,O-Contact%,Z-Contact%,Contact%,Zone%,F-Strike%,SwStr%,BsR,FA% (pfx),FT% (pfx),FC% (pfx),FS% (pfx),FO% (pfx),SI% (pfx),SL% (pfx),CU% (pfx),KC% (pfx),EP% (pfx),CH% (pfx),SC% (pfx),KN% (pfx),UN% (pfx),vFA (pfx),vFT (pfx),vFC (pfx),vFS (pfx),vFO (pfx),vSI (pfx),vSL (pfx),vCU (pfx),vKC (pfx),vEP (pfx),vCH (pfx),vSC (pfx),vKN (pfx),FA-X (pfx),FT-X (pfx),FC-X (pfx),FS-X (pfx),FO-X (pfx),SI-X (pfx),SL-X (pfx),CU-X (pfx),KC-X (pfx),EP-X (pfx),CH-X (pfx),SC-X (pfx),KN-X (pfx),FA-Z (pfx),FT-Z (pfx),FC-Z (pfx),FS-Z (pfx),FO-Z (pfx),SI-Z (pfx),SL-Z (pfx),CU-Z (pfx),KC-Z (pfx),EP-Z (pfx),CH-Z (pfx),SC-Z (pfx),KN-Z (pfx),wFA (pfx),wFT (pfx),wFC (pfx),wFS (pfx),wFO (pfx),wSI (pfx),wSL (pfx),wCU (pfx),wKC (pfx),wEP (pfx),wCH (pfx),wSC (pfx),wKN (pfx),wFA/C (pfx),wFT/C (pfx),wFC/C (pfx),wFS/C (pfx),wFO/C (pfx),wSI/C (pfx),wSL/C (pfx),wCU/C (pfx),wKC/C (pfx),wEP/C (pfx),wCH/C (pfx),wSC/C (pfx),wKN/C (pfx),O-Swing% (pfx),Z-Swing% (pfx),Swing% (pfx),O-Contact% (pfx),Z-Contact% (pfx),Contact% (pfx),Zone% (pfx),Pace,Def,wSB,UBR,Age Rng,Off,Lg,wGDP,Pull%,Cent%,Oppo%,Soft%,Med%,Hard%,TTO%,CH% (pi),CS% (pi),CU% (pi),FA% (pi),FC% (pi),FS% (pi),KN% (pi),SB% (pi),SI% (pi),SL% (pi),XX% (pi),vCH (pi),vCS (pi),vCU (pi),vFA (pi),vFC (pi),vFS (pi),vKN (pi),vSB (pi),vSI (pi),vSL (pi),vXX (pi),CH-X (pi),CS-X (pi),CU-X (pi),FA-X (pi),FC-X (pi),FS-X (pi),KN-X (pi),SB-X (pi),SI-X (pi),SL-X (pi),XX-X (pi),CH-Z (pi),CS-Z (pi),CU-Z (pi),FA-Z (pi),FC-Z (pi),FS-Z (pi),KN-Z (pi),SB-Z (pi),SI-Z (pi),SL-Z (pi),XX-Z (pi),wCH (pi),wCS (pi),wCU (pi),wFA (pi),wFC (pi),wFS (pi),wKN (pi),wSB (pi),wSI (pi),wSL (pi),wXX (pi),wCH/C (pi),wCS/C (pi),wCU/C (pi),wFA/C (pi),wFC/C (pi),wFS/C (pi),wKN/C (pi),wSB/C (pi),wSI/C (pi),wSL/C (pi),wXX/C (pi),O-Swing% (pi),Z-Swing% (pi),Swing% (pi),O-Contact% (pi),Z-Contact% (pi),Contact% (pi),Zone% (pi),Pace (pi),FRM,AVG+,BB%+,K%+,OBP+,SLG+,ISO+,BABIP+,LD+%,GB%+,FB%+,HR/FB%+,Pull%+,Cent%+,Oppo%+,Soft%+,Med%+,Hard%+,EV,LA,Barrels,Barrel%,maxEV,HardHit,HardHit%,Events
21,2019,Astros,28,2309,5613,6394,1538,899,323,28,288,920,891,645,17,1166,66,57,10,146,67,27,0.274,1842,1666,963,159,24710,9349,15361,120,41,13,0.10099999999999999,0.182,0.55,0.352,0.495,0.848,0.221,0.296,1.11,0.215,0.41200000000000003,0.373,0.095,0.17300000000000001,0.065,0.317,0.355,191.8,996,205.8,12.7,201.1,-15.1,420.2,40.8,$326.5,4.3,125,9.49,-104.18,113.67,150.88,15.12,0.93,1.58,81,14.74,-4.5,0.53,93.0,0.17800000000000002,84.7,0.061,88.2,0.1,78.9,0.114,83.9,0.016,85.7,,,0.003,,99.2,39.1,2.1,24.5,6.0,0.7,,0.76,0.89,0.14,0.99,0.21,0.17,,0.293,0.6629999999999999,0.44799999999999995,0.682,0.884,0.807,0.419,0.604,0.086,-9.5,0.35100000000000003,0.084,0.068,0.013000000000000001,0.0,0.095,0.172,0.086,0.017,,0.114,,,,93.3,92.8,88.2,85.2,82.5,92.4,84.6,78.0,81.5,,84.0,,,-2.0,-5.0,0.2,-5.7,-6.5,-4.1,1.1,1.8,1.5,,-1.4,,,9.4,6.1,4.7,2.7,0.7,5.4,1.3,-4.7,-5.7,,4.5,,,64.2,3.6,-1.2,0.9,0.3,8.2,37.4,24.2,-2.7,,2.6,,,0.75,0.18,-0.07,0.29,6.54,0.35,0.9,1.16,-0.67,,0.09,,,0.261,0.636,0.44799999999999995,0.632,0.88,0.807,0.49700000000000005,24.9,-2.5,-1.8,-3.7,22 - 36,196.3,25.3,-4.0,0.426,0.342,0.23199999999999998,0.16399999999999998,0.43700000000000006,0.39899999999999997,0.32799999999999996,0.115,,0.094,0.368,0.064,0.015,0.0,,0.163,0.18,0.0,84.1,,78.9,93.4,88.5,85.3,90.8,,92.7,84.6,82.5,-1.2,,1.9,-1.8,0.5,-3.5,2.2,,-4.3,1.7,1.4,3.2,,-6.7,8.5,3.9,1.6,1.0,,4.5,0.1,1.1,9.9,,22.8,55.4,-2.2,-2.7,-0.1,,15.8,36.2,0.5,0.35,,1.0,0.62,-0.15,-0.73,-6.36,,0.4,0.83,7.91,0.263,0.633,0.447,0.639,0.877,0.807,0.49700000000000005,25.4,-0.2,108,119,80,109,113,119,99,1.01,98,102,113,103,101,94,98,96,105,88.3,13.4,287,0.064,117.9,1604,0.355,4517
8,2019,Twins,27,2320,5732,6392,1547,899,318,23,307,939,906,525,21,1334,81,41,10,101,28,21,0.27,1707,1738,978,184,24562,9035,15527,102,26,9,0.08199999999999999,0.209,0.39,0.338,0.494,0.832,0.224,0.3,0.98,0.221,0.386,0.39299999999999996,0.106,0.177,0.06,0.34600000000000003,0.347,148.8,953,128.3,-11.5,201.0,-15.2,319.6,31.0,$248.3,3.5,116,8.64,-106.54,115.18,134.1,12.99,0.94,1.5,83,11.94,-2.77,0.505,93.3,0.184,84.2,0.061,88.3,0.107,79.4,0.127,84.7,0.015,85.4,,,0.003,,115.2,4.2,13.0,20.2,2.5,-0.5,,0.93,0.09,0.88,0.77,0.08,-0.14,,0.326,0.708,0.48200000000000004,0.633,0.858,0.768,0.409,0.593,0.11199999999999999,-8.4,0.342,0.079,0.064,0.015,,0.08,0.19,0.077,0.025,,0.127,,,,93.5,92.4,88.6,85.1,,92.8,84.2,78.5,80.6,,84.7,,,-2.3,-4.8,0.6,-5.4,,-3.1,1.5,2.1,2.7,,-3.3,,,9.0,5.8,4.3,2.3,,4.6,0.9,-5.5,-6.5,,4.4,,,66.3,15.4,8.8,0.4,,13.7,4.3,13.2,8.7,,0.8,,,0.79,0.8,0.57,0.1,,0.7,0.09,0.7,1.42,,0.02,,,0.294,0.684,0.48200000000000004,0.58,0.856,0.769,0.483,25.0,-26.7,-6.8,-6.5,20 - 38,120.0,25.3,4.9,0.436,0.32799999999999996,0.237,0.157,0.43,0.414,0.33899999999999997,0.125,,0.1,0.35100000000000003,0.055,0.017,,,0.153,0.2,0.0,85.0,,79.3,93.8,88.5,85.3,,,92.7,84.5,89.2,-3.3,,2.5,-2.0,1.0,-4.3,,,-3.7,1.8,-12.9,3.5,,-7.0,8.4,3.8,1.2,,,4.5,0.1,11.2,-3.0,,19.7,71.1,6.2,0.9,,,26.5,7.8,0.0,-0.1,,0.81,0.83,0.46,0.23,,,0.71,0.16,2.87,0.297,0.6829999999999999,0.48200000000000004,0.579,0.856,0.768,0.48,25.4,3.4,106,97,91,104,112,120,101,1.04,91,108,115,105,97,96,94,95,109,89.7,14.9,416,0.09300000000000001,117.0,1762,0.396,4452
9,2019,Yankees,28,2312,5583,6245,1493,880,290,17,306,943,904,569,18,1437,49,33,10,113,55,22,0.267,1736,1548,876,160,25306,9396,15910,109,27,7,0.091,0.23,0.4,0.339,0.49,0.829,0.222,0.306,1.12,0.21100000000000002,0.41700000000000004,0.37200000000000005,0.10300000000000001,0.198,0.063,0.259,0.346,141.7,928,131.3,-0.5,196.4,-14.0,337.1,32.7,$262.0,4.1,117,12.96,-97.34,110.3,163.93,15.49,0.88,1.66,57,13.58,1.14,0.509,93.3,0.20199999999999999,84.6,0.055999999999999994,88.8,0.106,79.3,0.102,84.6,0.023,85.4,0.002,74.0,0.003,,84.7,1.4,7.9,8.3,19.8,4.4,0.9,0.66,0.03,0.56,0.31,0.77,0.77,1.61,0.307,0.687,0.46299999999999997,0.614,0.85,0.758,0.41100000000000003,0.602,0.11199999999999999,-0.8,0.363,0.071,0.062,0.023,,0.073,0.198,0.09,0.018000000000000002,0.0,0.1,,0.002,,93.4,92.8,88.9,85.4,,92.9,84.6,78.4,81.4,65.1,84.6,,74.7,-1.9,-4.1,0.9,-4.9,,-4.5,1.3,2.3,2.9,5.8,-1.0,,-0.9,9.2,5.8,4.4,3.2,,4.9,1.1,-5.2,-5.5,-8.0,4.7,,0.5,63.2,4.1,-0.2,3.3,,12.2,-4.0,19.3,-1.5,0.0,19.0,,1.2,0.69,0.23,-0.02,0.56,,0.66,-0.08,0.85,-0.34,2.1,0.75,,2.39,0.276,0.66,0.46299999999999997,0.556,0.847,0.758,0.486,24.8,-14.5,-1.8,0.2,22 - 38,130.5,24.7,0.8,0.40700000000000003,0.344,0.249,0.168,0.44299999999999995,0.389,0.37,0.102,0.0,0.102,0.371,0.061,0.023,0.002,,0.133,0.204,0.0,84.7,67.6,79.2,93.7,88.8,85.4,74.0,,92.9,84.7,90.7,-0.9,7.8,2.8,-1.6,1.0,-4.2,-0.2,,-4.4,1.6,4.2,3.7,-8.1,-6.7,8.5,3.7,1.7,-0.4,,4.4,0.1,8.4,19.6,-0.6,18.2,59.3,2.6,1.7,0.9,,16.7,-3.8,0.0,0.76,-5.75,0.71,0.63,0.17,0.29,1.55,,0.49,-0.07,1.87,0.276,0.66,0.462,0.557,0.846,0.757,0.485,25.3,-5.3,105,107,101,105,111,119,103,0.99,99,102,129,99,101,101,100,98,103,90.0,13.5,373,0.08900000000000001,120.6,1706,0.40700000000000003,4190
22,2019,Dodgers,28,2413,5493,6281,1414,813,302,20,279,886,861,607,47,1356,81,45,55,100,57,10,0.257,1679,1565,915,136,24980,9389,15591,115,78,7,0.09699999999999999,0.21600000000000003,0.45,0.338,0.472,0.81,0.215,0.291,1.07,0.22,0.40399999999999997,0.376,0.087,0.17800000000000002,0.068,0.09,0.338,94.0,885,90.8,8.3,197.5,43.4,358.1,34.8,$278.3,4.2,111,14.16,-102.64,116.79,160.76,16.53,0.96,1.14,307,13.55,1.22,0.528,93.0,0.182,84.9,0.057,89.0,0.10400000000000001,79.5,0.111,84.9,0.017,86.1,0.001,75.4,0.006,,90.5,-3.7,-2.1,2.7,5.1,6.2,3.0,0.69,-0.08,-0.15,0.1,0.18,1.46,18.88,0.28300000000000003,0.675,0.45,0.622,0.852,0.769,0.428,0.593,0.10400000000000001,11.9,0.37799999999999995,0.07200000000000001,0.067,0.016,,0.078,0.17,0.077,0.03,0.0,0.111,,0.001,,93.3,92.8,88.6,85.7,,91.9,84.8,78.9,81.0,62.2,84.9,,75.3,-1.9,-4.4,0.7,-6.8,,-0.1,1.0,1.5,1.6,6.8,-2.8,,-0.7,8.9,6.4,4.5,2.6,,5.0,1.4,-4.3,-5.4,-6.1,3.9,,1.7,52.4,7.2,-7.6,3.3,,9.7,2.4,-5.4,-3.6,0.2,8.3,,3.0,0.56,0.41,-0.46,0.82,,0.5,0.06,-0.28,-0.48,5.46,0.3,,18.88,0.25,0.645,0.45,0.5529999999999999,0.8490000000000001,0.768,0.506,25.2,51.7,3.9,2.8,21 - 39,102.7,6.2,5.2,0.413,0.342,0.245,0.158,0.419,0.423,0.35700000000000004,0.111,0.0,0.10300000000000001,0.395,0.055,0.016,0.001,,0.135,0.184,0.0,85.2,67.5,79.6,93.4,89.0,85.5,75.4,,92.4,85.0,89.8,-2.6,8.2,2.0,-1.3,0.5,-5.7,-0.5,,-2.5,1.5,4.4,3.0,-5.7,-5.8,8.3,4.1,1.4,1.0,,4.7,0.6,5.4,3.6,0.0,-1.9,68.5,-9.2,3.0,3.0,,4.6,-2.8,-0.1,0.13,-1.12,-0.07,0.7,-0.67,0.77,18.75,,0.14,-0.06,-1.8,0.251,0.645,0.45,0.555,0.848,0.767,0.505,25.6,11.3,100,109,99,102,106,115,97,1.01,94,106,115,102,99,98,94,95,109,89.3,14.5,319,0.075,114.3,1610,0.38,4237
3,2019,Red Sox,29,2455,5770,6475,1554,937,345,27,245,901,857,590,36,1382,49,44,20,127,68,30,0.269,1889,1606,923,136,25427,9214,16213,132,33,5,0.091,0.213,0.43,0.34,0.466,0.806,0.197,0.313,1.18,0.209,0.428,0.364,0.085,0.153,0.07,0.152,0.338,100.1,915,49.9,25.9,203.6,-15.0,283.1,27.5,$220.0,4.3,106,-0.21,-118.33,118.12,61.34,5.5,1.0,1.72,123,3.35,-3.56,0.529,93.2,0.183,84.3,0.067,88.0,0.09699999999999999,79.9,0.109,84.3,0.015,85.4,0.001,74.6,0.005,,60.7,25.6,7.0,8.0,7.2,-3.3,1.2,0.45,0.55,0.41,0.33,0.26,-0.87,4.41,0.321,0.696,0.478,0.649,0.847,0.769,0.418,0.601,0.11,-7.0,0.37,0.078,0.073,0.013999999999999999,,0.076,0.17800000000000002,0.08,0.019,,0.11,,0.001,,93.5,92.7,88.2,84.9,,92.3,84.4,78.9,80.7,,84.2,,74.9,-2.1,-3.9,0.7,-5.0,,-0.8,1.0,1.8,2.6,,-2.6,,-0.5,9.2,5.9,4.4,2.2,,4.9,1.1,-4.2,-5.0,,4.7,,2.7,27.5,16.0,0.3,-6.6,,0.1,9.9,29.1,-1.9,,7.1,,1.2,0.29,0.81,0.02,-1.82,,0.01,0.22,1.43,-0.39,,0.26,,4.49,0.295,0.665,0.478,0.607,0.845,0.77,0.493,25.5,10.9,-2.8,-4.5,22 - 36,42.9,25.6,0.3,0.4,0.342,0.258,0.153,0.478,0.369,0.342,0.109,,0.094,0.38799999999999996,0.066,0.015,0.001,,0.141,0.187,0.0,84.5,,79.7,93.6,88.3,85.0,75.2,,92.7,84.5,92.0,-2.4,,2.5,-1.8,0.5,-4.4,-1.4,,-2.5,1.2,-4.7,3.7,,-6.1,8.4,3.7,1.0,1.6,,4.4,0.2,23.0,6.9,,13.0,40.2,-0.9,-6.1,1.2,,6.5,19.0,-0.2,0.25,,0.55,0.41,-0.05,-1.6,4.43,,0.18,0.4,-9.94,0.295,0.664,0.478,0.604,0.845,0.77,0.496,26.0,14.1,106,107,93,105,106,105,105,0.98,101,100,100,97,101,104,92,105,97,89.9,12.7,326,0.073,115.0,1841,0.413,4454
24,2019,Nationals,29,2327,5512,6267,1460,904,298,27,231,873,824,584,33,1308,81,42,48,117,116,29,0.265,1737,1562,881,164,24645,9097,15548,115,114,30,0.09300000000000001,0.209,0.45,0.342,0.454,0.796,0.19,0.306,1.11,0.21100000000000002,0.41600000000000004,0.374,0.105,0.14800000000000002,0.066,0.263,0.336,80.3,869,25.1,-6.0,197.1,41.8,267.8,26.0,$208.1,5.1,103,8.96,-104.28,113.25,114.35,11.27,0.95,1.12,252,7.98,1.42,0.5329999999999999,93.3,0.198,84.9,0.053,88.5,0.10300000000000001,79.0,0.096,84.9,0.016,86.1,,,0.005,,78.4,-21.5,4.8,3.2,12.1,-1.2,,0.6,-0.44,0.36,0.12,0.51,-0.3,,0.294,0.6729999999999999,0.45299999999999996,0.6459999999999999,0.875,0.789,0.42,0.61,0.095,3.7,0.358,0.094,0.055,0.013000000000000001,,0.079,0.193,0.084,0.026000000000000002,0.0,0.098,,,,93.6,92.6,88.3,86.0,,92.6,85.1,78.5,80.7,70.3,84.9,,,-2.5,-4.3,0.4,-6.3,,-4.5,1.4,2.1,3.7,-10.7,-2.7,,,9.0,5.8,4.6,2.4,,4.6,1.6,-4.9,-6.1,-7.9,4.1,,,8.9,32.3,7.3,-3.2,,24.3,-28.4,-3.2,3.2,-0.1,11.3,,,0.1,1.4,0.54,-0.98,,1.25,-0.6,-0.16,0.49,-5.93,0.47,,,0.266,0.642,0.45299999999999996,0.603,0.868,0.79,0.49700000000000005,24.7,35.8,7.2,-1.2,20 - 42,28.8,6.2,-2.3,0.418,0.32899999999999996,0.253,0.184,0.455,0.361,0.33899999999999997,0.098,0.0,0.10300000000000001,0.366,0.049,0.013000000000000001,,,0.16699999999999998,0.204,,85.1,69.3,79.1,93.9,88.5,86.4,,,92.7,85.3,,-2.4,7.7,2.8,-2.2,0.6,-5.9,,,-4.1,1.9,,3.2,-7.6,-6.4,8.4,4.0,1.4,,,4.4,0.6,,10.5,-0.2,5.0,18.8,0.9,-1.1,,,49.5,-28.7,,0.44,-3.0,0.2,0.21,0.07,-0.34,,,1.2,-0.57,,0.268,0.6409999999999999,0.45299999999999996,0.606,0.866,0.789,0.496,25.3,-5.9,103,105,95,103,102,101,102,0.97,97,105,96,103,95,101,109,103,93,88.6,14.1,297,0.069,113.5,1590,0.37,4294
16,2019,Braves,28,2411,5560,6302,1432,877,277,29,249,855,824,619,39,1467,60,35,25,104,89,28,0.258,1672,1473,969,131,24951,9233,15718,122,39,4,0.098,0.233,0.42,0.336,0.452,0.789,0.195,0.305,1.14,0.23600000000000002,0.406,0.358,0.08900000000000001,0.16899999999999998,0.073,0.10300000000000001,0.332,62.3,855,15.2,5.7,198.2,40.5,276.8,26.9,$215.1,4.6,102,9.28,-102.18,111.46,100.92,9.78,0.94,1.07,262,7.99,1.92,0.531,93.6,0.179,85.2,0.061,89.1,0.09699999999999999,79.6,0.121,84.9,0.011000000000000001,86.0,,,0.006,,72.5,-18.9,-6.9,16.4,-0.8,0.9,,0.55,-0.42,-0.46,0.68,-0.03,0.33,,0.313,0.7120000000000001,0.478,0.642,0.8240000000000001,0.754,0.414,0.6,0.11800000000000001,11.0,0.353,0.096,0.063,0.018000000000000002,,0.08199999999999999,0.174,0.075,0.027000000000000003,,0.113,,,,93.8,93.3,88.9,85.2,,92.7,85.3,79.3,80.4,,84.9,,,-2.7,-4.4,0.8,-5.5,,-3.8,1.6,2.8,4.6,,-3.4,,,8.7,6.0,4.6,3.1,,4.6,1.6,-4.2,-6.2,,3.8,,,33.9,8.7,-9.5,-2.4,,25.9,-34.2,18.6,2.3,,0.0,,,0.39,0.37,-0.61,-0.55,,1.27,-0.79,0.99,0.34,,0.0,,,0.282,0.682,0.479,0.597,0.821,0.754,0.491,24.0,46.2,2.3,2.6,21 - 36,26.2,6.2,6.1,0.41700000000000004,0.325,0.258,0.161,0.426,0.413,0.371,0.11900000000000001,0.0,0.09300000000000001,0.365,0.06,0.012,,,0.16399999999999998,0.18600000000000003,0.0,85.1,77.7,79.5,94.0,89.3,84.6,,,92.9,85.1,86.8,-3.4,8.3,3.9,-2.4,0.8,-4.6,,,-3.9,2.0,3.2,3.1,-8.5,-5.8,8.3,4.4,1.4,,,4.6,0.7,2.6,-5.7,0.0,18.0,18.6,-4.4,1.1,,,43.8,-28.2,0.1,-0.19,-4.44,0.78,0.21,-0.29,0.36,,,1.08,-0.61,3.31,0.287,0.6829999999999999,0.479,0.606,0.8190000000000001,0.753,0.485,24.7,17.0,100,111,106,102,102,104,102,1.09,95,101,109,103,94,103,95,96,106,89.2,13.2,341,0.08199999999999999,115.9,1602,0.385,4156
17,2019,Cubs,29,2429,5461,6195,1378,826,270,26,256,814,783,581,33,1460,83,39,30,127,45,24,0.252,1833,1364,809,118,24026,8782,15244,112,64,14,0.094,0.23600000000000002,0.4,0.331,0.452,0.783,0.2,0.297,1.34,0.20199999999999999,0.45799999999999996,0.34,0.087,0.188,0.061,0.21899999999999997,0.33,47.4,827,12.3,3.6,194.8,41.4,256.0,24.9,$198.9,3.9,102,2.77,-104.47,107.24,63.27,6.1,0.94,1.07,242,5.93,-2.97,0.528,93.4,0.185,85.4,0.046,88.8,0.115,79.1,0.115,84.4,0.012,86.3,,,0.005,,49.0,-17.5,3.1,2.6,1.3,-4.3,,0.39,-0.39,0.28,0.1,0.05,-1.56,,0.33,0.684,0.47200000000000003,0.606,0.8340000000000001,0.738,0.401,0.6,0.12300000000000001,-2.2,0.354,0.10300000000000001,0.055,0.012,,0.067,0.17300000000000001,0.094,0.026000000000000002,0.0,0.115,,,,93.8,92.7,88.6,85.8,,92.3,85.5,78.9,80.2,67.1,84.4,,,-2.8,-4.9,0.3,-6.3,,-5.0,1.6,3.1,2.8,-2.3,-4.1,,,8.8,6.0,4.8,2.7,,4.4,1.4,-5.5,-5.3,-8.2,3.9,,,39.9,-18.1,2.4,-5.3,,19.5,-23.6,3.6,-1.9,0.0,0.7,,,0.47,-0.74,0.19,-1.84,,1.22,-0.57,0.16,-0.32,0.84,0.03,,,0.303,0.657,0.47200000000000003,0.5479999999999999,0.8340000000000001,0.738,0.478,24.4,45.0,-4.6,6.4,22 - 38,10.1,6.1,-4.0,0.395,0.348,0.257,0.18100000000000002,0.46799999999999997,0.35,0.371,0.115,0.0,0.111,0.36200000000000004,0.052000000000000005,0.012,,,0.16399999999999998,0.184,,84.6,70.9,79.1,93.9,88.8,85.4,,,92.5,85.5,,-3.9,8.5,3.5,-2.4,0.9,-4.8,,,-4.6,2.2,,3.1,-7.3,-6.8,8.3,4.3,1.4,,,4.6,0.5,,-0.3,-0.6,2.7,32.0,8.1,-3.9,,,2.7,-24.6,,-0.01,-6.38,0.1,0.37,0.66,-1.42,,,0.07,-0.56,,0.306,0.654,0.47200000000000003,0.5479999999999999,0.8340000000000001,0.737,0.47700000000000004,24.9,-8.2,98,106,108,100,102,107,99,0.93,107,96,121,97,101,103,108,106,90,88.9,10.9,311,0.076,117.6,1456,0.358,4071
19,2019,Rockies,28,2452,5660,6288,1502,914,323,41,224,835,803,489,25,1503,43,43,51,111,71,31,0.265,1767,1454,936,131,24193,8629,15564,102,94,14,0.078,0.239,0.33,0.326,0.456,0.782,0.19,0.321,1.22,0.225,0.425,0.35,0.09,0.154,0.057999999999999996,0.149,0.328,37.7,829,-118.2,-21.3,197.8,38.2,104.2,10.1,$80.9,4.7,86,-5.49,-118.38,112.9,-28.54,-3.42,1.01,1.18,298,-5.08,-0.37,0.539,93.3,0.18100000000000002,84.6,0.055999999999999994,89.0,0.10300000000000001,78.9,0.10400000000000001,84.8,0.016,86.1,,,0.004,,27.4,3.6,18.8,-5.3,4.9,-7.9,,0.21,0.08,1.38,-0.21,0.19,-2.04,,0.32899999999999996,0.7040000000000001,0.48700000000000004,0.628,0.8440000000000001,0.76,0.42100000000000004,0.618,0.11699999999999999,1.6,0.386,0.075,0.071,0.017,,0.073,0.166,0.084,0.027000000000000003,0.0,0.10099999999999999,,,,93.5,92.9,88.9,85.8,,92.0,84.7,78.2,81.4,63.4,84.7,,,-1.4,-3.4,0.6,-5.8,,0.5,1.0,1.5,2.6,6.2,-2.4,,,8.3,5.7,4.4,3.1,,4.8,1.2,-4.5,-5.5,-5.2,3.5,,,31.8,-2.3,16.8,-7.7,,-13.9,-1.4,-10.2,0.4,-0.4,5.8,,,0.34,-0.13,0.98,-1.89,,-0.79,-0.03,-0.5,0.06,-7.39,0.24,,,0.297,0.679,0.48700000000000004,0.565,0.846,0.76,0.498,25.3,16.8,-2.4,4.2,22 - 36,-116.6,6.2,-0.2,0.381,0.35100000000000003,0.268,0.168,0.469,0.363,0.35200000000000004,0.10300000000000001,0.0,0.102,0.40299999999999997,0.063,0.017,,,0.134,0.17800000000000002,,84.9,61.4,78.9,93.6,88.9,85.6,,,92.5,84.7,,-2.4,8.0,1.8,-1.2,0.4,-5.1,,,-1.8,1.4,,3.1,-6.3,-5.7,8.2,4.4,2.6,,,4.9,0.7,,-0.3,-0.2,-5.6,38.0,19.9,-3.6,,,-16.9,-11.9,,-0.01,-8.15,-0.23,0.39,1.3,-0.89,,,-0.52,-0.28,,0.299,0.6779999999999999,0.48700000000000004,0.5670000000000001,0.845,0.759,0.495,25.9,-12.5,103,88,109,99,102,102,107,1.04,99,99,100,94,102,107,100,106,93,88.5,12.5,254,0.06,114.1,1507,0.354,4253
10,2019,Athletics,29,2363,5561,6269,1384,812,292,23,257,845,800,578,17,1338,87,36,7,140,49,21,0.249,1736,1612,902,183,24972,9350,15622,101,16,5,0.092,0.213,0.43,0.327,0.448,0.776,0.199,0.282,1.08,0.212,0.408,0.379,0.114,0.159,0.057999999999999996,0.313,0.327,40.4,829,54.9,33.0,197.2,-14.7,293.5,28.5,$228.0,3.9,107,7.35,-104.59,111.93,75.62,7.26,0.94,1.46,116,6.43,1.42,0.507,92.9,0.18100000000000002,84.5,0.055999999999999994,88.0,0.11699999999999999,79.4,0.125,84.4,0.013999999999999999,85.3,,,0.002,,75.2,-22.3,-2.5,-0.8,-19.7,0.2,,0.59,-0.49,-0.18,-0.03,-0.63,0.07,,0.28,0.684,0.452,0.626,0.8490000000000001,0.77,0.426,0.605,0.10400000000000001,-1.7,0.341,0.079,0.065,0.012,0.0,0.086,0.177,0.099,0.016,,0.125,,,,93.3,92.8,87.9,84.8,80.8,91.8,84.5,78.6,80.6,,84.5,,,-2.9,-5.9,0.5,-5.8,-5.9,-4.2,1.8,1.9,3.7,,-1.4,,,9.2,6.0,4.7,2.6,-0.5,5.5,1.2,-5.1,-6.7,,4.3,,,53.7,-2.1,-5.3,2.6,1.4,14.8,-29.5,3.4,-5.1,,-23.7,,,0.64,-0.11,-0.33,0.85,33.91,0.7,-0.68,0.14,-1.27,,-0.77,,,0.253,0.6459999999999999,0.452,0.57,0.8440000000000001,0.768,0.506,24.0,18.3,-2.5,6.7,21 - 42,53.2,24.8,-5.9,0.425,0.33899999999999997,0.235,0.158,0.431,0.41,0.34700000000000003,0.124,0.0,0.113,0.37,0.057999999999999996,0.017,,,0.136,0.182,0.0,84.6,62.8,79.4,93.5,88.2,85.0,,,92.4,84.7,87.7,-1.0,9.4,2.7,-2.5,0.7,-3.8,,,-5.0,2.5,0.1,3.3,-7.8,-6.8,8.3,4.0,1.5,,,4.5,0.4,2.4,-20.4,0.0,-5.5,52.1,-2.2,4.4,,,7.0,-26.7,0.3,-0.68,3.74,-0.2,0.58,-0.16,1.08,,,0.21,-0.6,3.84,0.254,0.643,0.451,0.5720000000000001,0.8420000000000001,0.767,0.506,24.5,-7.9,98,108,93,101,102,107,94,1.0,97,104,104,103,100,95,95,95,108,89.4,14.2,332,0.078,114.4,1642,0.385,4266
25,2019,Mets,29,2445,5624,6290,1445,906,280,17,242,791,767,516,34,1384,95,27,28,129,56,27,0.257,1913,1438,877,118,23833,8460,15373,119,67,9,0.08199999999999999,0.22,0.37,0.328,0.442,0.77,0.185,0.299,1.33,0.207,0.452,0.34,0.08199999999999999,0.168,0.062,0.134,0.325,25.8,817,33.2,-19.9,197.8,41.2,241.5,23.5,$187.7,3.8,104,6.04,-110.86,116.9,69.48,7.29,1.01,1.47,267,7.63,-1.66,0.532,93.0,0.184,84.4,0.061,88.9,0.1,78.4,0.107,84.5,0.015,85.7,,,0.005,,60.4,-29.3,-7.3,1.4,-3.1,-0.7,,0.48,-0.67,-0.5,0.06,-0.12,-0.21,,0.337,0.721,0.49700000000000005,0.635,0.846,0.762,0.414,0.621,0.11800000000000001,-17.0,0.36200000000000004,0.09,0.063,0.019,,0.077,0.17300000000000001,0.086,0.025,0.0,0.10400000000000001,,,,93.4,92.5,88.8,85.1,,92.1,84.6,78.0,80.1,64.6,84.5,,,-2.2,-4.6,0.7,-5.8,,-4.5,1.0,1.8,3.9,-6.2,-3.6,,,9.0,5.9,4.9,2.7,,4.8,1.3,-4.9,-6.7,-7.1,4.1,,,30.8,5.3,-17.3,1.4,,6.4,-27.3,3.4,0.1,0.7,-9.7,,,0.36,0.25,-1.17,0.3,,0.35,-0.67,0.17,0.02,13.1,-0.4,,,0.31,0.691,0.496,0.58,0.845,0.7609999999999999,0.49,24.8,21.3,-3.8,-10.7,23 - 38,16.2,6.2,-2.5,0.39399999999999996,0.359,0.248,0.163,0.489,0.349,0.341,0.107,0.0,0.105,0.368,0.06,0.017,,,0.162,0.18100000000000002,,84.8,65.0,78.6,93.5,89.1,85.2,,,92.6,84.8,,-3.4,-9.3,2.7,-1.7,1.0,-5.2,,,-4.3,1.5,,3.2,-9.4,-6.7,8.4,4.4,1.2,,,4.6,0.2,,-9.0,0.6,-3.9,31.5,-6.5,-0.1,,,9.2,-24.2,,-0.36,14.83,-0.16,0.37,-0.46,-0.03,,,0.24,-0.57,,0.313,0.6920000000000001,0.49700000000000005,0.591,0.841,0.76,0.485,25.3,-5.1,100,93,101,99,99,99,100,0.96,106,96,109,97,104,99,96,111,90,89.1,11.1,282,0.066,118.3,1625,0.37799999999999995,4295
23,2019,Brewers,28,2514,5542,6309,1366,820,279,17,250,769,744,629,42,1563,72,38,20,120,101,25,0.246,1743,1407,841,132,25312,9400,15912,102,46,10,0.1,0.248,0.4,0.329,0.438,0.767,0.192,0.296,1.24,0.21100000000000002,0.43700000000000006,0.353,0.094,0.17800000000000002,0.059000000000000004,0.217,0.324,20.3,814,-26.3,29.3,198.4,35.3,248.9,24.2,$193.4,4.4,97,1.79,-111.7,113.49,1.37,0.38,0.98,1.15,314,1.99,-0.16,0.556,93.2,0.17,84.8,0.057999999999999996,88.3,0.10300000000000001,78.9,0.10300000000000001,85.0,0.01,85.5,,,0.006,,39.0,-21.5,-7.6,-11.5,15.1,0.9,,0.28,-0.5,-0.52,-0.44,0.58,0.34,,0.306,0.6659999999999999,0.45399999999999996,0.605,0.841,0.748,0.41200000000000003,0.589,0.115,5.9,0.365,0.084,0.065,0.011000000000000001,0.0,0.102,0.16,0.08800000000000001,0.022000000000000002,0.0,0.102,,,,93.4,93.1,88.5,85.2,81.8,92.0,84.9,78.5,80.3,63.4,85.0,,,-2.2,-3.5,0.6,-6.2,-4.9,-2.6,1.2,2.5,3.4,7.5,-2.8,,,8.8,6.0,4.6,2.9,-1.0,5.1,1.3,-5.4,-6.2,-6.2,4.0,,,18.4,6.0,-17.3,-0.3,0.0,-0.6,-11.8,-21.2,5.0,0.0,14.2,,,0.2,0.29,-1.07,-0.11,2.1,-0.02,-0.3,-0.97,0.91,4.19,0.56,,,0.27899999999999997,0.638,0.455,0.551,0.8390000000000001,0.7490000000000001,0.489,23.8,64.6,6.1,0.4,22 - 36,-20.4,6.2,-0.6,0.382,0.35,0.268,0.171,0.42100000000000004,0.408,0.387,0.10099999999999999,0.0,0.105,0.379,0.062,0.01,,,0.175,0.16699999999999998,0.0,85.3,68.7,79.1,93.8,88.6,85.2,,,92.6,85.0,64.4,-2.7,9.1,3.2,-1.8,0.9,-5.2,,,-2.7,1.7,2.2,3.2,-7.5,-6.8,8.3,4.1,1.6,,,4.8,0.4,2.7,17.7,0.1,-8.8,17.3,-14.1,-3.7,,,1.5,-17.4,0.1,0.71,1.33,-0.34,0.18,-0.92,-1.45,,,0.03,-0.42,4.45,0.281,0.638,0.45399999999999996,0.556,0.8370000000000001,0.748,0.486,24.4,23.3,96,113,113,99,98,102,99,0.97,102,99,115,94,102,107,101,95,105,89.7,12.0,310,0.077,117.9,1589,0.39299999999999996,4045
12,2019,Rays,27,2459,5628,6285,1427,890,291,29,217,769,730,542,20,1493,73,34,8,114,94,37,0.254,1850,1412,893,134,24922,9114,15808,127,22,6,0.086,0.23800000000000002,0.36,0.325,0.431,0.757,0.178,0.306,1.31,0.215,0.445,0.34,0.095,0.154,0.069,0.273,0.321,3.9,795,19.2,3.0,197.7,-16.0,237.1,23.0,$184.2,4.5,102,-1.26,-112.29,111.03,-9.0,-0.77,0.99,1.62,130,1.27,-2.55,0.508,92.8,0.19399999999999998,83.9,0.073,88.3,0.096,79.3,0.11599999999999999,84.4,0.013999999999999999,85.3,,,0.003,,9.9,-17.9,-8.6,8.0,11.8,-0.3,,0.08,-0.37,-0.48,0.33,0.41,-0.08,,0.303,0.695,0.46799999999999997,0.597,0.845,0.753,0.423,0.621,0.11599999999999999,8.4,0.35,0.083,0.07400000000000001,0.015,,0.073,0.191,0.077,0.023,0.0,0.115,,,,93.1,92.2,88.6,85.0,,92.2,83.9,78.4,81.6,63.2,84.4,,,-1.7,-3.4,0.9,-6.5,,-1.6,1.0,2.1,2.4,-10.9,-1.7,,,9.6,6.4,4.8,3.9,,5.3,1.0,-4.9,-6.8,-7.5,4.7,,,17.5,-12.9,-15.9,-0.3,,-2.5,-19.5,11.8,-7.7,0.5,8.4,,,0.2,-0.63,-0.86,-0.08,,-0.13,-0.41,0.62,-1.36,54.91,0.29,,,0.26899999999999996,0.667,0.46799999999999997,0.528,0.843,0.752,0.5,24.5,-13.0,-0.5,4.3,23 - 39,27.5,24.9,4.6,0.391,0.363,0.245,0.165,0.43700000000000006,0.39799999999999996,0.358,0.114,0.0,0.09300000000000001,0.363,0.07,0.015,,,0.14300000000000002,0.201,0.0,84.7,93.0,79.3,93.3,88.8,84.9,,,92.6,84.1,78.0,-1.6,-1.3,2.4,-1.3,1.0,-5.1,,,-2.8,1.4,1.2,3.5,9.5,-7.0,8.7,4.0,2.4,,,4.9,-0.1,11.1,7.8,0.0,2.2,19.4,-8.4,0.0,,,-18.1,-22.7,-0.2,0.27,0.0,0.1,0.21,-0.48,0.0,,,-0.51,-0.45,-9.2,0.26899999999999996,0.6679999999999999,0.469,0.531,0.84,0.7509999999999999,0.5,25.2,5.1,100,101,104,101,98,95,103,1.01,105,93,100,95,107,99,99,96,105,89.5,11.2,315,0.075,116.2,1641,0.39299999999999996,4177
15,2019,Diamondbacks,28,2418,5633,6315,1419,871,288,40,220,813,778,540,36,1360,70,40,31,120,88,14,0.252,1850,1513,909,156,24414,8680,15734,116,71,13,0.086,0.215,0.4,0.323,0.434,0.757,0.182,0.293,1.22,0.213,0.433,0.354,0.10300000000000001,0.145,0.063,0.183,0.319,-8.2,787,-50.6,29.1,198.6,39.4,241.0,23.4,$187.3,5.1,94,-1.48,-110.79,109.31,41.72,3.75,0.98,1.24,255,-0.27,-1.24,0.542,93.3,0.17,85.1,0.061,88.9,0.1,79.0,0.111,84.6,0.016,86.0,,,0.005,,-7.1,-1.6,10.9,5.1,-20.1,4.1,,-0.05,-0.04,0.74,0.21,-0.74,1.03,,0.324,0.6829999999999999,0.475,0.642,0.8540000000000001,0.77,0.42,0.607,0.109,18.3,0.381,0.08199999999999999,0.071,0.017,,0.07200000000000001,0.165,0.08199999999999999,0.021,,0.10800000000000001,,,,93.6,93.0,89.0,85.2,,92.1,85.1,78.0,81.5,,84.7,,,-2.1,-4.7,0.9,-6.2,,-3.5,1.5,2.2,2.0,,-2.6,,,9.0,5.8,4.8,3.1,,4.6,1.3,-5.3,-6.4,,4.2,,,-26.5,13.5,0.5,3.0,,-7.1,1.4,7.7,-1.7,,-21.3,,,-0.28,0.67,0.03,0.7,,-0.4,0.03,0.38,-0.33,,-0.81,,,0.298,0.654,0.475,0.598,0.848,0.769,0.49700000000000005,24.4,68.5,8.4,11.4,23 - 35,-32.3,6.2,-1.5,0.41,0.364,0.226,0.166,0.43799999999999994,0.396,0.336,0.111,0.0,0.098,0.396,0.068,0.017,,,0.141,0.16899999999999998,0.0,84.9,72.9,79.0,93.8,89.2,85.2,,,92.6,85.2,98.0,-2.5,7.6,2.4,-1.8,1.1,-5.1,,,-4.0,2.1,-4.3,3.2,-5.6,-7.0,8.4,4.1,2.0,,,4.3,0.5,9.2,-23.6,-0.6,6.3,-17.4,7.0,5.4,,,-0.2,-5.2,0.1,-0.87,-5.15,0.27,-0.18,0.43,1.28,,,0.0,-0.13,4.82,0.297,0.654,0.475,0.597,0.848,0.769,0.498,25.0,5.1,98,97,99,98,98,97,98,0.98,101,100,94,101,106,90,99,99,102,88.0,11.8,272,0.063,116.3,1495,0.344,4345
5,2019,Indians,28,2321,5425,6124,1354,827,286,18,223,769,731,563,30,1332,50,46,40,110,103,35,0.25,1751,1533,812,167,24072,9113,14959,107,83,15,0.092,0.218,0.42,0.323,0.432,0.756,0.183,0.289,1.14,0.198,0.42700000000000005,0.374,0.109,0.145,0.061,0.18100000000000002,0.319,-5.3,765,-50.0,46.9,192.6,-15.1,203.0,19.7,$157.7,4.5,94,-3.93,-102.83,98.91,-49.49,-4.81,0.92,1.29,100,-4.38,0.09,0.514,93.1,0.18100000000000002,84.2,0.055999999999999994,88.8,0.10800000000000001,79.2,0.127,84.9,0.013999999999999999,85.5,,,0.004,,27.3,-26.4,-7.6,11.2,-6.2,-5.9,,0.22,-0.61,-0.57,0.43,-0.2,-1.71,,0.292,0.6940000000000001,0.46,0.627,0.86,0.774,0.418,0.589,0.10400000000000001,4.3,0.359,0.081,0.063,0.015,,0.07400000000000001,0.16899999999999998,0.094,0.018000000000000002,,0.126,,,,93.3,92.7,88.5,85.0,,92.6,84.3,78.5,80.9,,84.9,,,-1.9,-3.7,0.4,-5.7,,-2.1,0.9,2.1,2.9,,-2.2,,,8.8,5.4,4.3,3.2,,4.0,0.9,-4.6,-5.9,,4.2,,,-5.5,-4.5,-5.5,-6.9,,27.2,-23.6,12.4,-1.3,,-13.2,,,-0.06,-0.23,-0.36,-1.89,,1.53,-0.58,0.55,-0.31,,-0.44,,,0.256,0.664,0.46,0.556,0.86,0.775,0.499,24.1,31.9,2.3,2.8,22 - 37,-45.7,24.2,-0.8,0.425,0.331,0.244,0.165,0.45,0.385,0.34600000000000003,0.126,,0.1,0.364,0.052000000000000005,0.016,,0.0,0.152,0.18899999999999997,0.0,85.1,,79.2,93.5,88.8,85.2,,80.1,92.8,84.3,84.8,-2.0,,2.1,-1.6,0.6,-5.4,,10.1,-3.1,1.4,3.4,3.3,,-6.3,8.2,4.0,2.1,,1.4,4.1,0.0,-2.7,-14.5,,18.2,10.9,-4.0,-5.5,,1.5,10.8,-37.9,0.1,-0.48,,0.76,0.13,-0.32,-1.43,,21.96,0.3,-0.84,4.3,0.261,0.662,0.46,0.564,0.8590000000000001,0.774,0.496,24.7,13.0,98,108,95,100,98,98,97,0.93,101,103,95,103,98,99,99,99,102,89.5,12.9,279,0.067,114.4,1563,0.374,4179
13,2019,Rangers,27,2273,5540,6204,1374,831,296,24,223,810,765,534,18,1578,67,44,17,98,131,38,0.248,1693,1400,874,129,25074,9162,15912,105,56,20,0.086,0.254,0.34,0.319,0.431,0.75,0.183,0.304,1.21,0.22,0.42700000000000005,0.353,0.092,0.159,0.062,0.35700000000000004,0.317,-14.9,766,-99.1,-23.9,195.1,-13.7,95.1,9.2,$73.9,5.2,88,-6.18,-110.58,104.4,-47.0,-4.43,0.97,1.75,81,-9.25,2.85,0.519,93.0,0.191,84.4,0.057999999999999996,87.8,0.107,79.1,0.11199999999999999,84.4,0.013000000000000001,85.2,0.0,64.3,0.003,,10.4,-8.9,3.3,-3.9,4.3,4.2,-0.3,0.08,-0.19,0.22,-0.14,0.15,1.26,-4.75,0.313,0.66,0.46,0.609,0.84,0.7490000000000001,0.424,0.61,0.115,12.0,0.381,0.066,0.057,0.013000000000000001,,0.073,0.184,0.092,0.022000000000000002,0.0,0.111,,0.0,,93.2,92.6,87.7,85.3,,92.0,84.6,78.1,81.4,64.9,84.3,,64.3,-1.9,-4.0,0.3,-5.3,,-1.1,1.4,1.1,3.3,6.5,-1.9,,2.1,9.3,6.5,4.7,2.9,,5.6,1.3,-4.9,-5.3,-8.1,4.4,,6.9,-3.0,4.7,-3.6,3.9,,-5.6,-3.5,-8.7,4.4,-0.4,1.9,,-0.4,-0.03,0.28,-0.25,1.21,,-0.31,-0.08,-0.38,0.8,-11.89,0.07,,-5.35,0.28300000000000003,0.636,0.46,0.56,0.8320000000000001,0.7490000000000001,0.502,24.6,-37.5,6.6,2.2,21 - 36,-87.1,24.6,3.2,0.41100000000000003,0.33299999999999996,0.256,0.153,0.435,0.41200000000000003,0.376,0.111,0.001,0.107,0.387,0.057999999999999996,0.013000000000000001,0.0,,0.132,0.191,,84.6,68.8,79.1,93.4,88.0,85.1,64.7,,92.5,84.6,,-1.9,6.8,1.6,-1.7,0.6,-4.7,2.5,,-2.4,1.8,,3.3,-9.0,-6.5,8.5,4.0,1.6,5.2,,4.9,0.2,,1.9,-0.7,-2.4,4.9,0.4,3.1,-0.4,,-7.0,-12.5,,0.07,-5.32,-0.09,0.05,0.03,0.94,-5.19,,-0.21,-0.26,,0.28600000000000003,0.631,0.46,0.563,0.8320000000000001,0.7490000000000001,0.504,25.2,-10.8,98,101,111,99,98,98,102,1.04,101,97,104,99,98,103,92,96,109,89.4,12.5,283,0.07,115.4,1557,0.387,4025
1,2019,Angels,28,2425,5542,6251,1368,859,268,21,220,769,734,586,29,1276,67,42,4,143,65,20,0.247,1842,1526,927,169,24919,9329,15590,104,17,6,0.094,0.204,0.46,0.324,0.422,0.746,0.175,0.281,1.21,0.21600000000000003,0.429,0.355,0.111,0.14400000000000002,0.055999999999999994,0.353,0.316,-17.2,770,-11.1,19.8,196.6,-15.2,208.8,20.3,$162.2,4.0,99,-4.1,-107.28,103.18,-14.91,-1.25,0.95,1.54,97,-2.98,-1.32,0.521,93.1,0.17800000000000002,84.7,0.065,88.0,0.106,78.9,0.11599999999999999,84.1,0.013999999999999999,85.9,,,0.004,,39.9,-38.7,-13.9,11.1,-12.4,-9.9,,0.31,-0.87,-0.86,0.42,-0.43,-2.85,,0.28,0.63,0.43200000000000005,0.66,0.862,0.7879999999999999,0.434,0.586,0.092,-6.1,0.354,0.087,0.066,0.013000000000000001,0.001,0.079,0.17800000000000002,0.087,0.018000000000000002,0.0,0.11699999999999999,,,,93.4,92.7,88.3,85.7,80.6,91.7,84.6,77.9,81.6,63.1,84.1,,,-2.3,-4.2,0.5,-6.0,-4.7,-2.7,1.3,2.3,2.2,6.5,-2.4,,,9.5,6.0,5.0,3.0,-1.1,4.7,1.3,-5.4,-6.0,-0.9,4.7,,,29.4,0.4,-15.2,-7.8,0.2,-3.9,-46.2,13.4,-1.3,0.0,-16.9,,,0.34,0.02,-0.93,-2.46,1.61,-0.2,-1.06,0.63,-0.29,2.38,-0.59,,,0.252,0.605,0.43200000000000005,0.606,0.86,0.7879999999999999,0.511,24.5,4.6,1.1,-2.0,21 - 39,-17.2,24.8,-5.2,0.439,0.332,0.22899999999999998,0.165,0.451,0.384,0.33299999999999996,0.11599999999999999,,0.102,0.37,0.067,0.016,,,0.15,0.179,0.0,84.5,,79.1,93.6,88.3,85.2,,,92.6,84.7,89.2,-2.2,,2.6,-2.0,0.6,-4.0,,,-3.4,1.7,2.8,3.5,,-7.0,8.6,4.2,1.3,,,4.3,0.1,2.7,-16.0,,12.6,24.0,-16.9,-8.7,,,0.3,-45.7,-0.1,-0.56,,0.5,0.26,-1.02,-2.24,,,0.01,-1.04,-3.09,0.254,0.601,0.43200000000000005,0.604,0.861,0.7879999999999999,0.514,25.0,-5.0,97,110,89,100,96,94,94,1.01,102,97,94,106,98,93,99,99,101,88.0,12.9,275,0.064,116.6,1465,0.33899999999999997,4322
26,2019,Phillies,28,2431,5571,6261,1369,817,311,26,215,774,742,562,47,1453,57,34,34,97,78,18,0.246,1733,1481,900,188,24905,8983,15922,119,72,15,0.09,0.23199999999999998,0.39,0.319,0.427,0.746,0.181,0.293,1.17,0.21899999999999997,0.42100000000000004,0.36,0.127,0.145,0.069,0.20800000000000002,0.314,-33.1,755,-73.7,39.1,196.9,32.3,214.6,20.8,$166.7,4.6,91,-0.95,-109.23,108.28,7.57,1.26,0.98,1.12,310,0.29,-1.26,0.532,93.3,0.188,84.7,0.057999999999999996,88.8,0.102,78.9,0.109,84.6,0.011000000000000001,85.8,,,0.006999999999999999,,19.4,0.9,-19.6,-12.0,-6.5,-5.1,,0.15,0.02,-1.35,-0.47,-0.24,-1.89,,0.319,0.679,0.469,0.626,0.845,0.758,0.41600000000000004,0.603,0.113,13.8,0.361,0.09699999999999999,0.061,0.013999999999999999,,0.07400000000000001,0.179,0.094,0.016,0.0,0.105,,,,93.5,92.7,88.7,84.7,,92.8,84.9,78.7,80.7,64.9,84.5,,,-2.5,-4.1,0.7,-6.3,,-2.4,1.2,1.9,2.8,-8.8,-2.6,,,9.0,5.8,4.9,3.2,,5.2,1.4,-5.0,-6.3,-8.1,4.2,,,15.6,-8.3,-23.9,-4.7,,1.4,-4.6,-8.9,-5.3,-0.2,-10.2,,,0.17,-0.34,-1.58,-1.32,,0.07,-0.1,-0.38,-1.34,-15.17,-0.39,,,0.295,0.647,0.469,0.578,0.841,0.758,0.496,25.0,71.3,4.7,4.9,22 - 38,-59.8,6.1,4.2,0.409,0.33899999999999997,0.252,0.17800000000000002,0.43200000000000005,0.39,0.35600000000000004,0.10800000000000001,0.0,0.10099999999999999,0.375,0.057,0.011000000000000001,,,0.157,0.19,0.0,85.0,69.5,79.0,93.9,89.1,84.0,,,92.9,85.0,57.8,-2.5,0.8,2.4,-2.2,1.0,-5.1,,,-2.9,1.8,-2.5,3.3,-8.9,-6.5,8.4,4.3,1.8,,,4.7,0.4,5.5,-7.2,-0.2,-5.9,14.8,-13.7,-8.6,,,-9.2,-17.8,0.0,-0.27,-9.56,-0.23,0.16,-0.96,-3.04,,,-0.24,-0.38,2.87,0.297,0.6459999999999999,0.469,0.5770000000000001,0.843,0.758,0.493,25.5,8.0,95,101,106,97,96,97,98,1.01,98,102,94,101,98,101,106,98,100,88.8,13.5,271,0.065,116.4,1521,0.363,4189
28,2019,Cardinals,27,2413,5449,6167,1336,856,246,24,210,764,714,561,15,1420,76,39,40,110,116,29,0.245,1660,1467,894,132,24719,8996,15723,134,87,20,0.091,0.23,0.4,0.322,0.415,0.737,0.17,0.292,1.13,0.222,0.413,0.365,0.09,0.14300000000000002,0.081,0.23,0.314,-35.4,741,-45.9,23.9,194.0,37.5,229.9,22.3,$178.6,5.0,94,2.16,-106.4,108.56,34.3,3.84,0.97,1.13,266,1.52,0.71,0.519,93.1,0.192,84.8,0.059000000000000004,88.4,0.105,79.0,0.11199999999999999,84.5,0.013000000000000001,86.4,,,0.002,,50.6,-33.4,-9.8,-2.0,-21.7,-8.8,,0.39,-0.7,-0.67,-0.08,-0.79,-2.78,,0.31,0.674,0.46299999999999997,0.64,0.848,0.767,0.42,0.619,0.10800000000000001,14.4,0.35100000000000003,0.09300000000000001,0.065,0.013000000000000001,0.0,0.07200000000000001,0.183,0.087,0.023,0.0,0.111,,,,93.5,92.7,88.1,85.8,80.9,91.8,84.8,78.4,80.8,64.6,84.5,,,-2.8,-5.3,0.7,-6.4,-5.4,-3.8,2.2,2.7,3.1,7.3,-3.1,,,8.9,6.0,4.3,3.7,0.6,4.6,1.4,-5.0,-5.7,-4.6,4.2,,,40.9,1.7,-14.2,-9.2,1.4,-2.3,-38.4,-1.2,-2.1,-0.2,-26.9,,,0.48,0.07,-0.89,-2.85,22.84,-0.13,-0.86,-0.06,-0.37,-20.0,-0.99,,,0.285,0.647,0.46299999999999997,0.5870000000000001,0.847,0.7659999999999999,0.491,23.9,61.4,7.4,5.8,22 - 37,-31.5,6.1,1.2,0.41,0.35200000000000004,0.23800000000000002,0.166,0.43200000000000005,0.402,0.355,0.11,0.0,0.105,0.363,0.055,0.013999999999999999,,,0.155,0.196,0.0,84.7,73.7,79.1,93.7,88.8,85.4,,,92.3,84.9,92.2,-3.1,7.5,3.4,-2.5,0.8,-4.9,,,-4.6,2.7,-1.8,3.3,-10.3,-6.5,8.3,4.1,2.1,,,4.4,0.4,6.9,-18.6,-0.1,-3.8,38.4,-3.2,-9.3,,,-5.3,-45.8,0.1,-0.71,-2.0,-0.15,0.44,-0.24,-2.76,,,-0.14,-0.97,5.9,0.28800000000000003,0.648,0.46299999999999997,0.5920000000000001,0.847,0.765,0.485,24.6,-10.9,95,103,105,97,93,91,97,1.02,96,103,92,101,102,95,98,98,103,87.9,13.6,269,0.065,115.3,1395,0.33899999999999997,4110
11,2019,Mariners,28,2347,5500,6199,1305,784,254,28,239,758,730,588,7,1581,58,37,14,83,115,47,0.237,1592,1522,819,148,25523,9597,15926,109,37,5,0.095,0.255,0.37,0.316,0.424,0.74,0.187,0.287,1.05,0.20800000000000002,0.405,0.387,0.09699999999999999,0.157,0.068,0.135,0.314,-31.5,749,-13.7,-34.8,195.0,-15.3,169.2,16.4,$131.4,4.7,98,-2.54,-108.87,106.33,-11.84,-1.12,0.96,1.89,81,-0.51,-2.13,0.523,93.1,0.17600000000000002,84.2,0.062,88.4,0.113,79.0,0.111,84.4,0.016,85.7,,,0.001,,24.2,-25.4,0.1,-2.5,-16.7,4.8,,0.18,-0.57,0.0,-0.09,-0.59,1.2,,0.281,0.667,0.449,0.612,0.8290000000000001,0.753,0.43700000000000006,0.606,0.111,13.4,0.375,0.073,0.065,0.012,,0.075,0.168,0.098,0.022000000000000002,0.0,0.11199999999999999,,,,93.3,92.5,88.4,85.1,,92.2,84.2,78.3,80.5,63.6,84.5,,,-2.4,-5.2,0.4,-5.8,,-2.3,1.3,2.0,3.3,7.1,-2.8,,,9.4,6.4,4.9,2.7,,5.5,1.0,-5.0,-6.7,-6.1,4.6,,,3.4,-0.5,1.3,0.3,,12.7,-29.9,-9.5,2.0,-0.2,-15.2,,,0.04,-0.03,0.08,0.1,,0.68,-0.71,-0.39,0.35,-20.37,-0.54,,,0.256,0.638,0.449,0.5589999999999999,0.83,0.754,0.507,23.9,-50.1,-0.6,6.8,23 - 45,-0.3,24.5,7.2,0.395,0.33799999999999997,0.267,0.196,0.478,0.326,0.38799999999999996,0.11,,0.11199999999999999,0.39399999999999996,0.063,0.016,,,0.129,0.17600000000000002,0.0,84.7,,79.0,93.7,88.6,85.2,,,92.6,84.5,84.5,-2.5,,2.7,-2.1,0.8,-4.3,,,-3.5,1.6,2.9,3.6,,-7.1,8.6,4.1,1.5,,,4.8,-0.1,8.4,-16.0,,-0.3,2.0,5.8,1.5,,,8.3,-36.9,0.2,-0.58,,-0.01,0.02,0.37,0.37,,,0.26,-0.84,10.11,0.257,0.635,0.449,0.563,0.8270000000000001,0.752,0.508,24.5,-6.3,94,112,112,98,96,100,96,0.98,96,106,103,95,100,108,117,105,86,87.4,14.3,269,0.068,113.1,1279,0.322,3972
27,2019,Pirates,27,2441,5657,6228,1497,981,315,38,163,758,722,425,41,1213,63,34,47,119,64,29,0.265,2071,1405,967,118,23525,8368,15157,128,82,16,0.068,0.195,0.35,0.321,0.42,0.741,0.156,0.309,1.47,0.218,0.466,0.316,0.084,0.11599999999999999,0.062,0.195,0.313,-39.6,744,-63.5,-59.1,195.9,37.0,111.8,10.9,$86.8,4.5,92,0.63,-110.06,110.69,4.91,0.36,1.01,1.35,282,-3.04,3.66,0.53,93.0,0.16699999999999998,84.8,0.057,88.5,0.113,78.2,0.11900000000000001,84.0,0.015,86.2,,,0.006,,1.7,-13.2,-11.4,6.2,-13.2,2.7,,0.01,-0.34,-0.85,0.23,-0.47,0.76,,0.336,0.723,0.495,0.659,0.8690000000000001,0.785,0.41100000000000003,0.617,0.106,-4.6,0.34600000000000003,0.10300000000000001,0.062,0.016,,0.077,0.162,0.09699999999999999,0.019,0.0,0.11699999999999999,,,,93.3,92.9,88.4,85.5,,92.0,84.9,77.7,80.4,64.1,84.1,,,-2.6,-5.4,0.3,-5.9,,-3.2,1.5,2.1,2.2,4.1,-3.1,,,8.9,6.2,5.1,2.9,,5.1,1.3,-4.9,-5.0,-6.6,4.2,,,1.0,-12.8,-8.1,5.6,,-5.8,-8.8,-1.3,0.8,-0.5,-20.8,,,0.01,-0.53,-0.57,1.53,,-0.32,-0.23,-0.06,0.17,-8.6,-0.77,,,0.304,0.6990000000000001,0.495,0.608,0.865,0.784,0.485,23.8,-22.1,-2.9,-1.1,22 - 35,-68.2,6.1,-0.6,0.39299999999999996,0.33799999999999997,0.26899999999999996,0.193,0.46799999999999997,0.33899999999999997,0.289,0.11800000000000001,0.0,0.111,0.363,0.063,0.015,,,0.16699999999999998,0.16399999999999998,0.0,84.3,65.7,78.3,93.5,88.7,85.2,,,92.7,84.9,85.7,-2.9,7.3,2.7,-2.2,0.7,-4.6,,,-4.3,2.0,-2.7,3.4,-8.2,-6.2,8.5,4.5,2.0,,,5.0,0.4,6.0,-15.1,-0.6,-6.3,12.3,-3.5,3.3,,,-27.0,-15.3,-0.1,-0.56,-7.8,-0.25,0.15,-0.24,0.96,,,-0.7,-0.41,-1.27,0.306,0.7,0.496,0.614,0.865,0.785,0.48100000000000004,24.4,-7.1,103,77,89,97,94,83,103,1.0,109,89,75,97,98,108,114,106,87,88.4,10.2,231,0.051,116.2,1534,0.33899999999999997,4527
18,2019,Reds,28,2462,5450,6100,1328,839,235,27,227,701,679,492,25,1436,89,33,30,111,80,38,0.244,1677,1460,888,147,23703,8393,15310,95,52,5,0.081,0.235,0.34,0.315,0.422,0.736,0.178,0.288,1.15,0.221,0.41700000000000004,0.363,0.10099999999999999,0.155,0.057,0.096,0.312,-46.2,722,-101.5,-1.6,191.9,36.1,114.2,11.1,$88.7,4.2,87,-12.12,-114.15,102.02,-67.51,-6.86,1.0,1.34,314,-6.04,-6.04,0.529,93.0,0.171,84.7,0.068,88.3,0.114,78.6,0.10400000000000001,84.0,0.013000000000000001,85.8,,,0.004,,21.7,-50.3,1.1,-9.6,-0.2,-7.3,,0.17,-1.24,0.07,-0.35,-0.01,-2.31,,0.319,0.703,0.48100000000000004,0.632,0.851,0.767,0.42200000000000004,0.617,0.11199999999999999,-16.7,0.358,0.08900000000000001,0.073,0.013000000000000001,,0.083,0.162,0.091,0.027999999999999997,0.0,0.10400000000000001,,,,93.4,92.5,88.2,85.1,,91.6,84.9,78.1,80.2,69.5,84.0,,,-2.4,-6.2,0.7,-6.1,,-3.8,1.8,1.8,3.3,-10.0,-2.6,,,8.9,6.1,4.0,3.3,,5.1,1.4,-5.0,-6.3,-7.8,4.2,,,-14.3,4.4,-0.5,-8.1,,15.7,-43.2,-8.8,-11.5,0.0,-2.2,,,-0.17,0.21,-0.03,-2.8,,0.82,-1.16,-0.42,-1.81,2.38,-0.09,,,0.298,0.6659999999999999,0.48100000000000004,0.59,0.846,0.7659999999999999,0.49700000000000005,23.6,34.5,-3.6,-10.0,24 - 36,-118.1,6.0,-3.1,0.401,0.34,0.259,0.17600000000000002,0.447,0.377,0.353,0.10400000000000001,,0.115,0.363,0.07200000000000001,0.012,,,0.163,0.17,0.0,84.2,,78.6,93.6,88.5,85.1,,,92.2,85.0,88.3,-2.3,,2.5,-2.0,0.9,-5.3,,,-4.8,2.4,0.1,3.3,,-6.4,8.3,3.7,2.2,,,4.7,0.5,7.3,-1.5,,-13.1,-8.3,-4.2,-9.9,,,12.9,-45.4,-0.1,-0.06,,-0.5,-0.1,-0.26,-3.51,,,0.35,-1.18,-2.45,0.303,0.6659999999999999,0.48100000000000004,0.601,0.843,0.765,0.49,24.1,2.9,94,91,108,95,95,95,96,1.02,97,102,100,99,99,104,104,101,97,87.4,13.6,224,0.055,118.3,1305,0.32,4083
14,2019,Blue Jays,27,2354,5493,6091,1299,761,270,21,247,726,697,509,10,1514,45,28,14,107,51,20,0.236,1586,1564,837,175,24052,8727,15325,91,34,8,0.084,0.249,0.34,0.305,0.428,0.733,0.192,0.28,1.01,0.21,0.39799999999999996,0.392,0.11199999999999999,0.158,0.057,0.235,0.31,-54.3,712,-64.6,-9.9,191.6,-15.7,118.3,11.5,$91.9,3.8,92,-11.51,-110.45,98.94,-79.96,-7.56,0.95,1.74,79,-9.06,-3.0,0.519,93.1,0.18899999999999997,83.9,0.059000000000000004,88.2,0.10400000000000001,79.5,0.10800000000000001,84.6,0.019,85.5,0.001,74.3,0.001,,-23.8,-15.7,4.2,-14.9,-20.6,6.8,0.8,-0.19,-0.35,0.29,-0.59,-0.79,1.49,4.02,0.318,0.679,0.466,0.605,0.845,0.748,0.409,0.621,0.11699999999999999,-7.0,0.36,0.086,0.059000000000000004,0.017,,0.069,0.188,0.085,0.024,,0.11199999999999999,,0.001,,93.4,92.5,88.5,85.5,,92.4,84.0,78.6,81.6,,84.7,,74.7,-1.6,-4.7,0.8,-5.1,,-2.2,1.2,2.1,1.6,,-1.3,,0.0,9.2,5.8,4.3,2.3,,4.8,0.8,-5.0,-7.1,,4.3,,-0.6,-50.1,11.4,12.8,2.4,,6.9,-36.1,-5.4,-1.0,,-15.2,,0.9,-0.58,0.55,0.91,0.58,,0.42,-0.8,-0.26,-0.18,,-0.57,,5.17,0.294,0.649,0.466,0.5529999999999999,0.841,0.747,0.483,23.8,-25.7,-1.3,-5.7,19 - 35,-71.7,24.1,0.0,0.44299999999999995,0.32799999999999996,0.22899999999999998,0.179,0.442,0.37799999999999995,0.373,0.11,,0.10400000000000001,0.373,0.055,0.017,0.001,,0.145,0.195,,84.9,,79.7,93.7,88.6,85.7,75.6,,92.7,84.2,,-1.3,,2.1,-1.4,0.8,-4.7,-0.1,,-3.5,1.7,,3.3,,-6.9,8.6,3.7,1.3,-1.0,,4.4,-0.1,,-21.0,,-14.6,-37.2,10.4,4.7,1.1,,9.5,-23.3,,-0.8,,-0.59,-0.41,0.79,1.15,5.73,,0.27,-0.5,,0.29600000000000004,0.647,0.466,0.5589999999999999,0.8390000000000001,0.747,0.484,24.3,12.0,93,98,109,94,97,103,94,0.99,94,108,103,107,97,93,107,98,100,88.7,14.3,296,0.07400000000000001,118.9,1496,0.37200000000000005,4023
4,2019,White Sox,28,2311,5529,6042,1443,981,260,20,182,708,676,378,13,1549,66,32,36,114,63,28,0.261,1859,1283,843,122,23538,8086,15452,145,62,16,0.063,0.256,0.24,0.314,0.414,0.728,0.153,0.329,1.45,0.212,0.466,0.322,0.095,0.142,0.078,0.258,0.309,-57.4,703,-53.5,-36.6,190.0,-15.7,113.5,11.0,$88.2,3.9,93,-4.23,-104.01,99.78,-66.49,-6.37,0.94,1.61,87,-6.67,2.17,0.529,92.9,0.183,84.1,0.055999999999999994,87.8,0.10400000000000001,79.4,0.11599999999999999,84.4,0.01,84.5,0.003,74.5,0.002,,-29.2,-11.7,-4.3,0.4,-2.2,-1.4,0.8,-0.23,-0.27,-0.33,0.02,-0.08,-0.61,1.31,0.348,0.687,0.491,0.597,0.8440000000000001,0.743,0.42200000000000004,0.618,0.126,5.3,0.384,0.081,0.057,0.013000000000000001,,0.06,0.179,0.084,0.027000000000000003,,0.113,,0.003,,93.2,92.3,88.1,84.0,,92.1,84.3,78.5,80.8,,84.5,,74.5,-1.9,-3.8,0.8,-5.3,,-3.8,1.2,2.4,3.1,,-1.6,,-1.4,9.0,5.7,4.5,2.7,,4.7,0.8,-4.5,-6.6,,4.2,,2.0,-27.4,-7.3,-4.2,0.5,,-5.3,-25.3,4.5,-9.0,,-4.2,,1.2,-0.3,-0.38,-0.31,0.16,,-0.38,-0.6,0.23,-1.43,,-0.16,,2.02,0.321,0.662,0.491,0.541,0.841,0.743,0.5,24.6,-52.2,-2.7,6.0,22 - 36,-48.2,23.9,2.0,0.38,0.33299999999999996,0.287,0.17600000000000002,0.496,0.32799999999999996,0.349,0.114,,0.10300000000000001,0.392,0.055999999999999994,0.012,0.003,,0.135,0.185,0.0,84.7,,79.5,93.4,88.2,84.1,74.6,,92.5,84.4,87.0,-1.4,,2.8,-1.6,0.9,-3.9,-1.9,,-3.5,1.8,4.9,3.3,,-6.4,8.4,4.0,1.5,1.1,,4.6,-0.1,-4.6,0.4,,1.0,-31.4,-4.6,-1.6,0.5,,-14.5,-22.9,0.0,0.01,,0.04,-0.34,-0.35,-0.57,0.79,,-0.46,-0.53,0.92,0.324,0.66,0.491,0.5429999999999999,0.84,0.742,0.499,25.2,-18.4,103,74,112,97,94,82,110,0.99,110,88,93,92,98,116,105,109,87,89.1,10.8,268,0.066,117.9,1519,0.375,4049
2,2019,Orioles,27,2386,5596,6189,1379,889,252,25,213,729,698,462,8,1435,71,37,22,111,84,30,0.246,1822,1482,843,159,24561,8725,15836,137,72,26,0.075,0.23199999999999998,0.32,0.31,0.415,0.725,0.168,0.293,1.23,0.203,0.439,0.35700000000000004,0.107,0.14400000000000002,0.075,0.361,0.308,-65.4,714,-91.8,-48.8,194.7,-14.9,65.5,6.4,$50.9,4.5,88,-12.96,-111.08,98.12,-99.61,-9.4,0.95,1.63,126,-9.11,-4.52,0.502,93.0,0.16699999999999998,84.3,0.073,88.2,0.11900000000000001,79.5,0.11800000000000001,84.4,0.021,85.2,,,0.001,,22.7,-32.7,-20.6,-2.6,-18.3,-0.9,,0.18,-0.8,-1.14,-0.09,-0.64,-0.18,,0.331,0.693,0.48,0.635,0.843,0.759,0.41200000000000003,0.619,0.11599999999999999,2.0,0.354,0.08,0.07400000000000001,0.018000000000000002,0.0,0.069,0.166,0.095,0.026000000000000002,0.0,0.11900000000000001,,,,93.2,92.3,88.2,84.8,82.3,92.4,84.4,78.7,81.5,68.0,84.5,,,-1.3,-3.3,0.5,-5.2,-5.5,-1.2,1.1,1.9,2.2,-8.8,-0.8,,,9.2,5.9,4.3,3.2,-1.6,5.0,1.1,-4.7,-5.9,-8.1,4.4,,,2.2,12.9,-25.5,-3.6,-0.4,-6.0,-31.2,-4.4,-5.4,-0.1,-20.2,,,0.03,0.66,-1.41,-0.84,-9.59,-0.36,-0.76,-0.19,-0.86,-5.93,-0.69,,,0.306,0.662,0.48,0.586,0.84,0.758,0.49,24.2,-63.8,0.7,1.8,23 - 33,-89.9,24.5,-0.5,0.415,0.341,0.244,0.18899999999999997,0.48700000000000004,0.324,0.341,0.11699999999999999,,0.113,0.365,0.071,0.021,,,0.13699999999999998,0.17600000000000002,0.0,84.8,,79.6,93.5,88.7,85.2,,,92.9,84.6,77.6,-0.7,,2.4,-1.1,0.7,-4.6,,,-2.4,1.4,-7.1,3.4,,-6.4,8.5,3.7,1.9,,,4.5,0.0,1.2,-23.6,,-4.0,4.2,-21.6,-3.6,,,8.7,-42.5,0.0,-0.82,,-0.14,0.05,-1.24,-0.72,,,0.26,-0.98,0.5,0.304,0.6609999999999999,0.48,0.586,0.8390000000000001,0.758,0.493,24.8,-19.4,97,88,101,96,94,90,98,0.96,104,98,94,100,101,98,113,107,85,88.0,11.8,248,0.059000000000000004,114.8,1418,0.336,4221
29,2019,Padres,26,2413,5391,6019,1281,814,224,24,219,682,652,504,19,1581,55,31,37,120,70,37,0.238,1742,1322,737,159,23576,8498,15078,123,77,25,0.084,0.263,0.32,0.308,0.41,0.718,0.172,0.293,1.32,0.19399999999999998,0.45799999999999996,0.348,0.12,0.166,0.071,0.325,0.305,-84.6,673,-99.0,18.8,189.3,33.7,137.7,13.4,$107.0,4.1,88,-9.98,-111.15,101.17,-60.89,-6.57,1.0,1.28,287,-5.0,-4.93,0.534,93.1,0.195,84.8,0.055,89.1,0.11,79.0,0.096,84.6,0.01,84.9,0.0,61.5,0.003,,-20.9,-40.7,3.1,-25.3,-6.4,-1.6,0.3,-0.17,-0.89,0.24,-0.98,-0.28,-0.68,4.94,0.313,0.67,0.461,0.596,0.838,0.742,0.414,0.617,0.11900000000000001,-11.1,0.37799999999999995,0.08,0.067,0.01,,0.07200000000000001,0.182,0.085,0.03,0.0,0.096,,0.0,,93.2,92.6,88.9,84.3,,92.6,84.9,78.4,80.9,65.7,84.6,,61.4,-2.6,-5.7,0.7,-4.8,,-4.0,1.4,2.1,2.1,-1.1,-3.5,,-0.2,9.0,5.9,4.7,2.6,,4.7,1.5,-5.6,-5.3,-6.6,4.0,,1.7,-23.7,-5.6,10.7,-0.6,,0.3,-55.0,-9.7,-15.5,-0.4,-9.9,,0.3,-0.27,-0.3,0.68,-0.24,,0.02,-1.28,-0.49,-2.16,-5.96,-0.44,,4.94,0.28300000000000003,0.644,0.461,0.54,0.8320000000000001,0.741,0.493,24.0,52.5,-5.1,-1.7,20 - 37,-110.0,5.9,-4.3,0.408,0.353,0.239,0.19399999999999998,0.41600000000000004,0.39,0.38299999999999995,0.096,0.001,0.111,0.39,0.059000000000000004,0.01,0.0,,0.138,0.19399999999999998,0.0,84.9,69.2,79.2,93.6,89.5,84.8,65.0,,92.7,85.2,85.6,-3.1,6.7,2.8,-2.1,1.2,-4.4,0.9,,-4.7,2.0,-3.9,3.1,-8.9,-6.6,8.5,4.4,2.0,-0.3,,4.4,0.7,8.5,-8.8,-2.1,-20.5,-21.3,10.3,-0.1,0.2,,-13.7,-51.8,0.2,-0.39,-9.09,-0.78,-0.23,0.74,-0.03,3.04,,-0.42,-1.14,3.62,0.28600000000000003,0.642,0.461,0.541,0.8320000000000001,0.741,0.494,24.6,15.7,92,95,120,93,92,92,98,0.89,107,98,107,101,102,96,115,94,100,88.9,10.7,261,0.067,115.9,1439,0.371,3879
7,2019,Royals,27,2269,5496,6080,1356,873,281,40,162,691,655,456,17,1405,59,42,24,113,117,39,0.247,1813,1408,861,137,23471,8389,15082,125,70,26,0.075,0.231,0.32,0.309,0.401,0.71,0.154,0.301,1.29,0.21100000000000002,0.444,0.345,0.09699999999999999,0.115,0.069,0.371,0.302,-95.7,670,-122.8,19.7,191.2,-14.3,96.2,9.3,$74.8,5.1,84,-13.54,-113.4,99.86,-124.67,-11.54,0.99,1.39,58,-13.23,-0.47,0.513,93.1,0.204,84.1,0.054000000000000006,88.3,0.10300000000000001,79.0,0.11599999999999999,84.5,0.01,84.9,,,0.004,,-11.2,-47.0,4.8,-11.2,-19.7,-2.6,,-0.09,-0.98,0.38,-0.46,-0.72,-1.16,,0.315,0.6920000000000001,0.475,0.596,0.862,0.76,0.423,0.621,0.114,-1.7,0.365,0.085,0.06,0.009000000000000001,,0.061,0.19899999999999998,0.08900000000000001,0.017,0.0,0.11599999999999999,,,,93.2,92.7,88.2,85.0,,92.3,84.1,78.3,81.1,57.9,84.5,,,-2.1,-3.9,0.5,-5.0,,-2.8,1.3,1.9,2.6,7.1,-2.0,,,8.8,5.6,3.9,2.7,,4.3,1.0,-5.0,-7.0,-6.5,4.5,,,-24.8,-1.6,-2.4,-3.6,,1.3,-42.6,-14.1,0.5,0.0,-21.6,,,-0.29,-0.08,-0.17,-1.76,,0.09,-0.92,-0.68,0.14,4.19,-0.79,,,0.28,0.6629999999999999,0.475,0.5329999999999999,0.8540000000000001,0.7609999999999999,0.508,23.7,5.4,3.4,-4.6,22 - 35,-124.5,24.1,-0.5,0.401,0.34,0.258,0.16899999999999998,0.462,0.369,0.33299999999999996,0.115,0.0,0.10400000000000001,0.373,0.059000000000000004,0.01,,,0.136,0.203,0.0,84.8,57.9,79.2,93.6,88.6,85.0,,,92.7,84.4,84.9,-1.7,7.5,2.3,-1.7,0.6,-3.9,,,-3.5,1.8,2.8,3.8,-8.3,-6.3,8.4,3.7,1.4,,,4.4,0.4,8.9,-19.1,0.0,-15.3,-23.2,0.1,-4.8,,,4.8,-41.4,0.5,-0.72,4.03,-0.64,-0.27,0.01,-2.13,,,0.15,-0.89,12.1,0.28300000000000003,0.66,0.474,0.535,0.8540000000000001,0.76,0.508,24.3,-3.7,97,88,101,96,91,83,101,0.99,105,95,75,97,100,104,101,102,97,88.0,12.2,241,0.057999999999999996,115.7,1376,0.331,4160
30,2019,Giants,29,2493,5579,6170,1332,839,300,26,167,678,655,475,26,1435,50,42,24,111,47,28,0.239,1769,1436,943,121,23979,8408,15571,96,61,20,0.077,0.233,0.33,0.302,0.392,0.694,0.153,0.29,1.23,0.22699999999999998,0.426,0.34600000000000003,0.084,0.11599999999999999,0.054000000000000006,0.32799999999999996,0.295,-135.8,641,-139.9,11.5,194.1,34.6,103.0,10.0,$80.0,3.8,83,-9.42,-114.02,104.6,-69.78,-8.0,1.02,1.24,357,-9.88,0.61,0.5379999999999999,93.1,0.166,84.8,0.063,88.5,0.106,79.1,0.11,84.1,0.017,85.6,0.0,67.0,0.004,,-57.3,-34.8,-11.6,-2.9,-8.0,-7.8,0.3,-0.44,-0.87,-0.77,-0.11,-0.3,-1.95,34.42,0.337,0.7070000000000001,0.489,0.6509999999999999,0.8440000000000001,0.7659999999999999,0.41200000000000003,0.616,0.115,-3.4,0.373,0.069,0.064,0.018000000000000002,,0.092,0.161,0.084,0.027999999999999997,0.0,0.11,,,,93.5,92.6,88.6,85.2,,91.8,84.9,78.3,81.5,67.3,84.1,,,-2.3,-3.8,0.8,-6.4,,-2.0,1.0,1.6,2.9,-1.5,-2.9,,,9.0,6.2,4.8,3.3,,4.6,1.5,-5.0,-5.7,-9.2,3.9,,,-48.2,3.2,-12.8,-8.5,,-16.7,-32.9,-8.2,-4.1,-0.1,-12.4,,,-0.54,0.19,-0.83,-2.0,,-0.76,-0.85,-0.41,-0.6,-2.52,-0.47,,,0.309,0.677,0.489,0.603,0.8420000000000001,0.7659999999999999,0.491,24.1,46.1,-5.7,-0.9,22 - 39,-143.3,6.1,3.2,0.392,0.35100000000000003,0.256,0.162,0.45399999999999996,0.384,0.337,0.10800000000000001,0.0,0.106,0.38,0.064,0.018000000000000002,0.0,,0.157,0.166,,84.4,64.5,79.2,93.8,88.9,85.2,93.7,,92.2,85.0,,-2.8,1.2,2.3,-1.9,0.7,-5.5,-3.4,,-2.5,1.6,,3.0,-9.2,-6.5,8.4,4.3,2.1,9.3,,4.4,0.5,,-13.7,0.1,-8.5,-42.3,-17.5,-9.0,-0.1,,-16.7,-29.8,,-0.53,3.02,-0.34,-0.47,-1.14,-2.1,-12.38,,-0.45,-0.75,,0.311,0.675,0.49,0.604,0.841,0.765,0.491,24.6,6.9,93,87,106,91,88,82,97,1.05,100,98,75,97,102,103,96,103,99,87.8,13.2,242,0.057,114.7,1501,0.35700000000000004,4210
6,2019,Tigers,28,2316,5549,6039,1333,851,292,41,149,582,556,391,14,1595,48,42,9,108,57,20,0.24,1642,1411,913,141,23506,7884,15622,104,36,8,0.065,0.264,0.25,0.294,0.388,0.682,0.148,0.308,1.16,0.23,0.414,0.35600000000000004,0.1,0.106,0.063,0.222,0.29,-158.9,601,-179.8,-36.9,189.9,-16.8,-26.5,-2.6,($20.6),4.4,77,-22.14,-120.33,98.19,-237.3,-22.3,1.04,1.71,68,-18.23,-3.12,0.52,93.2,0.195,84.0,0.057999999999999996,88.1,0.105,79.5,0.106,84.1,0.015,85.2,0.001,75.1,0.003,,-67.6,-43.2,-11.6,-4.3,-31.3,0.0,0.2,-0.55,-0.95,-0.84,-0.17,-1.26,0.01,0.92,0.37200000000000005,0.688,0.503,0.614,0.8320000000000001,0.738,0.415,0.636,0.132,-6.8,0.375,0.08199999999999999,0.065,0.015,0.0,0.062,0.18899999999999997,0.08,0.025,,0.106,,0.001,,93.4,93.0,88.0,84.8,83.3,92.2,83.9,78.6,80.8,,84.2,,74.9,-2.5,-6.0,0.7,-5.1,-6.4,-4.5,1.8,2.7,3.6,,-1.9,,-0.3,9.3,6.1,4.1,3.1,-0.6,4.5,1.2,-4.5,-6.7,,5.1,,-1.9,-31.5,-28.0,-16.8,-9.5,-0.2,-21.2,-40.9,10.6,-11.0,,-24.8,,0.1,-0.36,-1.45,-1.1,-2.73,-8.09,-1.46,-0.92,0.57,-1.9,,-1.0,,0.74,0.342,0.6659999999999999,0.503,0.5589999999999999,0.83,0.737,0.496,23.7,-53.8,-0.1,-7.4,22 - 36,-186.5,23.9,0.7,0.39899999999999997,0.35,0.252,0.158,0.456,0.386,0.354,0.106,,0.099,0.38,0.059000000000000004,0.013999999999999999,0.001,,0.138,0.203,0.0,84.5,,79.5,93.8,88.4,84.9,75.3,,92.8,84.1,87.0,-1.7,,3.2,-2.2,0.8,-4.1,-0.1,,-5.2,2.3,2.5,4.0,,-6.4,8.5,3.4,1.6,-3.1,,4.5,0.2,9.3,-27.9,,1.9,-35.0,-7.0,-6.1,0.1,,-43.2,-48.8,0.0,-1.13,,0.08,-0.4,-0.52,-1.85,0.63,,-1.35,-1.04,0.27,0.348,0.6609999999999999,0.502,0.57,0.8270000000000001,0.737,0.494,24.2,-7.8,95,76,116,91,88,79,103,1.08,98,98,69,96,103,102,95,100,102,88.1,14.1,236,0.059000000000000004,114.2,1463,0.365,4005
20,2019,Marlins,28,2402,5512,6045,1326,897,265,18,146,615,593,395,16,1469,73,33,31,139,55,30,0.241,1962,1225,857,105,23101,7925,15176,138,62,9,0.065,0.243,0.27,0.298,0.375,0.673,0.134,0.3,1.6,0.212,0.485,0.303,0.086,0.11900000000000001,0.07,0.145,0.288,-170.1,591,-171.5,-8.3,190.1,34.7,27.0,2.6,$21.0,3.6,79,-15.08,-113.0,97.92,-121.39,-11.99,1.01,1.21,290,-13.53,-1.34,0.54,93.2,0.18899999999999997,85.4,0.054000000000000006,88.8,0.105,79.1,0.1,84.5,0.012,85.8,,,0.003,,-87.1,-38.6,-9.4,-5.4,-23.7,-7.1,,-0.7,-0.88,-0.75,-0.22,-1.02,-2.63,,0.349,0.67,0.48,0.616,0.856,0.753,0.40700000000000003,0.625,0.11900000000000001,-23.9,0.34,0.114,0.057999999999999996,0.015,,0.087,0.182,0.086,0.023,,0.09699999999999999,,,,93.5,92.5,88.5,85.0,,92.6,85.5,78.6,80.9,,84.5,,,-2.6,-4.3,0.6,-6.4,,-4.6,1.4,2.6,3.5,,-1.6,,,9.2,6.0,5.2,3.0,,5.0,1.7,-4.9,-5.5,,4.0,,,-42.2,-43.4,-14.6,1.1,,-15.9,-40.4,-0.1,-4.4,,-37.3,,,-0.54,-1.65,-1.1,0.32,,-0.79,-0.96,-0.01,-0.84,,-1.67,,,0.322,0.642,0.48,0.555,0.8540000000000001,0.753,0.493,24.0,26.4,-5.0,-9.8,23 - 38,-195.4,5.9,-9.1,0.384,0.34700000000000003,0.26899999999999996,0.172,0.441,0.387,0.33299999999999996,0.10099999999999999,,0.105,0.345,0.055999999999999994,0.012,,,0.193,0.18899999999999997,0.0,84.9,,79.3,93.9,88.8,85.0,,,92.7,85.7,92.2,-1.6,,3.1,-2.3,0.8,-5.9,,,-4.1,2.1,-2.2,2.9,,-6.4,8.5,4.6,1.1,,,4.5,0.5,7.8,-29.0,,-3.4,-39.4,-14.8,-3.8,,,-62.3,-42.4,0.2,-1.25,,-0.14,-0.5,-1.16,-1.42,,,-1.4,-0.97,1.68,0.32,0.642,0.48,0.56,0.8490000000000001,0.752,0.496,24.6,-7.4,93,74,111,90,84,72,100,0.98,113,85,77,95,101,108,102,100,99,88.3,9.1,218,0.053,114.7,1447,0.35200000000000004,4108
